id,True,Predicted,Confidence,TrueLabelProb
1,1,1,0.6416960678572817,0.6416960678572817
2,7,7,0.723062924872813,0.723062924872813
5,1,1,0.5597467223288005,0.5597467223288005
9,1,1,0.5024431264342115,0.5024431264342115
13,7,7,0.8427747536393189,0.8427747536393189
23,2,7,0.44143254668694487,0.31615166495678787
24,3,3,0.6739234269100328,0.6739234269100328
30,7,7,0.6937913587391953,0.6937913587391953
31,1,1,0.25087706653002645,0.25087706653002645
34,5,5,0.6295002712330199,0.6295002712330199
40,5,5,0.5154267318590696,0.5154267318590696
43,1,1,0.494833292600694,0.494833292600694
46,3,3,0.7257038498447661,0.7257038498447661
61,3,3,0.6261944972424581,0.6261944972424581
69,5,5,0.5792855006956097,0.5792855006956097
71,7,7,0.7502344060051391,0.7502344060051391
73,7,7,0.5920607887375366,0.5920607887375366
76,1,1,0.536029008751472,0.536029008751472
84,3,3,0.686283698817022,0.686283698817022
90,1,6,0.259488227721542,0.21319538975433058
108,6,7,0.342555187343884,0.2025895496300051
111,7,7,0.5463065880906405,0.5463065880906405
112,3,3,0.6209578458672156,0.6209578458672156
113,6,6,0.5371313842392204,0.5371313842392204
118,1,1,0.5890961053175073,0.5890961053175073
121,2,2,0.4895743209829702,0.4895743209829702
123,1,1,0.5893982846986902,0.5893982846986902
134,3,2,0.3469527579577514,0.22506274449113514
141,4,5,0.25575069932312505,0.23955028381749793
144,2,2,0.4229776707261068,0.4229776707261068
146,1,1,0.6564832307599556,0.6564832307599556
155,7,7,0.7661405485405901,0.7661405485405901
164,1,1,0.6121485657016235,0.6121485657016235
176,4,5,0.34713676553630823,0.29564248242859786
185,4,4,0.3718476935880087,0.3718476935880087
187,1,1,0.6179460149017818,0.6179460149017818
189,2,2,0.5117337504099996,0.5117337504099996
198,3,3,0.41071724975741625,0.41071724975741625
201,5,5,0.5064831093172953,0.5064831093172953
204,6,7,0.39270740948719185,0.34033700998232486
205,5,5,0.33392811824565777,0.33392811824565777
214,2,2,0.6183277080241613,0.6183277080241613
220,1,1,0.32312397829116646,0.32312397829116646
228,3,3,0.4159562194259997,0.4159562194259997
229,1,1,0.34830498086481465,0.34830498086481465
231,5,5,0.7189007573592008,0.7189007573592008
236,3,3,0.2797435415881074,0.2797435415881074
245,5,5,0.4829725549952386,0.4829725549952386
246,1,1,0.24331028537170923,0.24331028537170923
247,6,6,0.5036918542810077,0.5036918542810077
249,2,1,0.42194172993049056,0.17577723658598843
251,5,5,0.49276199616571464,0.49276199616571464
254,6,6,0.3572659196406919,0.3572659196406919
265,4,4,0.7091203165080056,0.7091203165080056
268,2,2,0.5213692564158516,0.5213692564158516
269,3,3,0.6250591489620668,0.6250591489620668
275,1,6,0.3486439354324886,0.20490342857523205
278,7,7,0.48180379636495246,0.48180379636495246
283,4,4,0.46370174772367584,0.46370174772367584
290,7,7,0.8434704449169935,0.8434704449169935
293,6,6,0.5747033678980732,0.5747033678980732
304,7,7,0.8064464576521901,0.8064464576521901
312,7,7,0.7118779147293318,0.7118779147293318
313,3,3,0.3823518334394808,0.3823518334394808
314,6,6,0.3190638103992352,0.3190638103992352
317,2,2,0.3336925539616355,0.3336925539616355
320,1,1,0.6364698378621553,0.6364698378621553
325,6,6,0.38163014402067624,0.38163014402067624
328,2,2,0.6125730078793465,0.6125730078793465
331,3,3,0.5803960968628626,0.5803960968628626
333,3,3,0.39271241955786923,0.39271241955786923
342,7,7,0.6555310897625863,0.6555310897625863
354,7,2,0.3913644839138726,0.384339630075193
360,6,6,0.4854120096511366,0.4854120096511366
369,3,3,0.7274896630675098,0.7274896630675098
370,7,7,0.7700344846435044,0.7700344846435044
383,1,1,0.5608286720944018,0.5608286720944018
388,5,5,0.35047496569348097,0.35047496569348097
399,1,1,0.49154503924277404,0.49154503924277404
403,1,6,0.2821083732194019,0.22012466200017916
404,7,7,0.6571278605260843,0.6571278605260843
405,4,5,0.2576365258032896,0.1937657733439126
409,2,1,0.6472611028022859,0.10074285657871017
413,5,5,0.41622245604520663,0.41622245604520663
424,6,6,0.5525658412736226,0.5525658412736226
430,6,6,0.44579044869153645,0.44579044869153645
434,2,2,0.5908280834196825,0.5908280834196825
440,3,3,0.6934432358935045,0.6934432358935045
452,1,1,0.4620908648953302,0.4620908648953302
453,2,7,0.3883098796563594,0.3441588904287204
454,2,2,0.5452946062644233,0.5452946062644233
455,7,7,0.8969172186011335,0.8969172186011335
456,5,5,0.43467653302861636,0.43467653302861636
459,5,5,0.5768717632941935,0.5768717632941935
468,4,4,0.35288088013575275,0.35288088013575275
470,1,1,0.43584681619963517,0.43584681619963517
473,1,2,0.3769048496005265,0.14387763462115224
477,5,5,0.5706559193113394,0.5706559193113394
493,5,5,0.591162865584936,0.591162865584936
496,2,2,0.4592901749075153,0.4592901749075153
503,3,3,0.688389546582554,0.688389546582554
508,1,1,0.4257809482359212,0.4257809482359212
509,4,4,0.27502053079346717,0.27502053079346717
513,6,6,0.27599984826528295,0.27599984826528295
517,2,2,0.6778150133653712,0.6778150133653712
519,4,4,0.5826864248291865,0.5826864248291865
527,3,3,0.4245882422674424,0.4245882422674424
528,5,5,0.31267503889801146,0.31267503889801146
537,4,4,0.2887528966351355,0.2887528966351355
540,2,2,0.6277424486383155,0.6277424486383155
544,1,1,0.4754458855097529,0.4754458855097529
545,7,7,0.8240229252686416,0.8240229252686416
547,3,3,0.33557992831453065,0.33557992831453065
550,5,5,0.5650542703881375,0.5650542703881375
552,2,2,0.3310726052747809,0.3310726052747809
560,3,3,0.5421780348331012,0.5421780348331012
561,5,5,0.6011704736297248,0.6011704736297248
562,1,1,0.6349714658571285,0.6349714658571285
563,1,1,0.5276516130701149,0.5276516130701149
569,6,6,0.5006522501093178,0.5006522501093178
591,5,5,0.6724874522296023,0.6724874522296023
596,3,3,0.5134101540488587,0.5134101540488587
603,4,1,0.27061373683663653,0.2352435499795604
605,1,3,0.295289926021243,0.29410619950119443
607,3,3,0.529974387386382,0.529974387386382
611,5,5,0.6218336139318241,0.6218336139318241
612,6,6,0.3974688694543556,0.3974688694543556
615,5,5,0.46474239775292553,0.46474239775292553
616,1,1,0.58395541362601,0.58395541362601
619,1,1,0.7530471181421207,0.7530471181421207
622,7,7,0.7214174264323739,0.7214174264323739
633,7,7,0.5841867213227631,0.5841867213227631
635,2,2,0.5676289307123761,0.5676289307123761
636,4,4,0.6679540842575135,0.6679540842575135
640,5,5,0.5791676111604442,0.5791676111604442
657,7,7,0.6027548315263483,0.6027548315263483
659,6,6,0.21103083361250247,0.21103083361250247
662,4,4,0.6725122974646789,0.6725122974646789
669,1,1,0.5660115415983463,0.5660115415983463
671,5,5,0.6014703543857038,0.6014703543857038
674,4,4,0.717038226002791,0.717038226002791
678,4,4,0.6957332292900881,0.6957332292900881
681,5,5,0.6387055500605295,0.6387055500605295
685,7,7,0.4690874829160446,0.4690874829160446
688,6,6,0.48334784432168926,0.48334784432168926
698,7,2,0.359093562252791,0.3365091688712605
701,6,5,0.4123302574742254,0.21245822252280752
703,1,1,0.5885776174905918,0.5885776174905918
704,1,1,0.33565076519061615,0.33565076519061615
708,5,3,0.23833020003009892,0.2383147877709796
709,1,1,0.6674209715829936,0.6674209715829936
713,2,1,0.5114973597406427,0.18553830257586124
715,6,6,0.6100000638609083,0.6100000638609083
716,2,2,0.4577344761482742,0.4577344761482742
717,4,4,0.45441711962241965,0.45441711962241965
723,1,1,0.6142654988904586,0.6142654988904586
730,4,4,0.32526571645667723,0.32526571645667723
738,2,2,0.45579923359613156,0.45579923359613156
739,2,2,0.44396489927655025,0.44396489927655025
748,3,3,0.6147621850982866,0.6147621850982866
756,2,2,0.38256064556646663,0.38256064556646663
760,5,5,0.38234857257711996,0.38234857257711996
776,7,7,0.8032897056801879,0.8032897056801879
786,5,1,0.3186579109316931,0.1713704519209604
795,4,4,0.5921529213622007,0.5921529213622007
796,7,7,0.6364552176458359,0.6364552176458359
799,7,7,0.7490877824601563,0.7490877824601563
804,2,2,0.3047696083240916,0.3047696083240916
805,4,4,0.7060288696513334,0.7060288696513334
815,4,4,0.3109217685134297,0.3109217685134297
819,3,3,0.5941941211961003,0.5941941211961003
828,2,2,0.4324671859212456,0.4324671859212456
840,1,1,0.4173993065604547,0.4173993065604547
847,1,1,0.5429330617941798,0.5429330617941798
850,3,3,0.4218010865571037,0.4218010865571037
859,2,2,0.4448321227208058,0.4448321227208058
865,5,2,0.2296736754509307,0.14093362266380377
879,4,4,0.46868869829977805,0.46868869829977805
894,4,4,0.6396307294736174,0.6396307294736174
897,4,1,0.220258598059497,0.11696577928383463
905,2,2,0.5002355777517227,0.5002355777517227
906,5,5,0.5918647521214855,0.5918647521214855
917,1,1,0.6930297376364797,0.6930297376364797
923,3,3,0.6293724758765783,0.6293724758765783
932,7,7,0.5688254411739014,0.5688254411739014
934,6,5,0.3078754553319378,0.24499247515550737
937,3,3,0.7708579003521874,0.7708579003521874
938,4,4,0.7424138479501274,0.7424138479501274
950,6,6,0.38154171706509704,0.38154171706509704
952,5,5,0.7041640296611638,0.7041640296611638
956,4,5,0.37050068921328494,0.20430194827386705
964,4,4,0.7663219591338382,0.7663219591338382
965,1,1,0.3841509988439924,0.3841509988439924
980,7,7,0.5026349488782078,0.5026349488782078
981,3,3,0.45663136715044345,0.45663136715044345
984,2,2,0.3790333234552729,0.3790333234552729
992,4,4,0.515278264119414,0.515278264119414
995,1,1,0.3099529790861967,0.3099529790861967
996,2,2,0.38139519270846955,0.38139519270846955
1005,5,5,0.5477822915712786,0.5477822915712786
1008,2,2,0.29430311383953905,0.29430311383953905
1009,2,1,0.43566760339464566,0.10116317482906158
1011,1,1,0.6092448366185015,0.6092448366185015
1015,6,4,0.2736420922009775,0.21748052362600226
1017,4,4,0.5312963735091735,0.5312963735091735
1024,2,1,0.43662850017454324,0.1348116961676902
1025,1,1,0.2573396386140068,0.2573396386140068
1026,3,3,0.557297668971705,0.557297668971705
1031,6,6,0.6440166502315978,0.6440166502315978
1034,5,5,0.5203329356229,0.5203329356229
1037,3,3,0.29383022216486154,0.29383022216486154
1038,6,1,0.25535713611145816,0.2242566437598563
1040,3,6,0.35355126010894156,0.14827698475047627
1045,5,5,0.5735958282426928,0.5735958282426928
1046,1,1,0.3035946989472805,0.3035946989472805
1048,2,2,0.37298828063499073,0.37298828063499073
1049,1,1,0.661469064612883,0.661469064612883
1052,1,1,0.5661486275494533,0.5661486275494533
1053,4,4,0.7532371852942132,0.7532371852942132
1055,3,3,0.4670366907929856,0.4670366907929856
1059,2,2,0.5115306123241825,0.5115306123241825
1063,7,7,0.7293641705384104,0.7293641705384104
1080,2,7,0.47080974648007107,0.4505143216524885
1081,2,1,0.5162113278007727,0.09338262406463808
1106,1,1,0.6185200762011922,0.6185200762011922
1113,3,3,0.44094883191855044,0.44094883191855044
1117,3,2,0.3002259609210418,0.24432453237587637
1124,3,7,0.3254063194578615,0.1273256822138317
1125,3,3,0.3542877237310595,0.3542877237310595
1129,3,3,0.31793783418120014,0.31793783418120014
1130,3,2,0.2998776036400929,0.2489015222447695
1131,5,5,0.5725481459387916,0.5725481459387916
1137,4,4,0.7003300626202034,0.7003300626202034
1139,1,1,0.5075863922986187,0.5075863922986187
1145,7,7,0.5253132670555446,0.5253132670555446
1153,2,2,0.6565744117478407,0.6565744117478407
1156,1,1,0.5086480330469854,0.5086480330469854
1157,2,2,0.42062304538073964,0.42062304538073964
1165,5,5,0.4862826479982925,0.4862826479982925
1171,1,1,0.6405244957116543,0.6405244957116543
1172,5,5,0.7303676356188078,0.7303676356188078
1176,1,1,0.35078861414480095,0.35078861414480095
1179,3,3,0.3362920418442768,0.3362920418442768
1201,5,3,0.2812120768712001,0.2761635811710172
1205,2,2,0.6386637614093206,0.6386637614093206
1206,5,5,0.5317656652907936,0.5317656652907936
1214,3,3,0.2857632261829489,0.2857632261829489
1220,6,6,0.5592019528045359,0.5592019528045359
1227,6,6,0.4890611948922752,0.4890611948922752
1230,1,1,0.35060277574931725,0.35060277574931725
1232,1,1,0.4081130758720133,0.4081130758720133
1236,1,1,0.7143868177546796,0.7143868177546796
1242,7,7,0.8437113872517372,0.8437113872517372
1244,2,2,0.3690451986259398,0.3690451986259398
1247,7,7,0.7481940545252371,0.7481940545252371
1249,4,6,0.26867165244279045,0.23573516673643116
1254,1,1,0.509219515196384,0.509219515196384
1258,3,3,0.7638083985525007,0.7638083985525007
1261,2,2,0.42457259171295103,0.42457259171295103
1264,3,2,0.3121825328234176,0.24302304754814566
1269,2,1,0.5296193565325914,0.10088688269916662
1276,3,3,0.33476764271606585,0.33476764271606585
1279,2,2,0.6016558696974055,0.6016558696974055
1283,2,2,0.4123227162059212,0.4123227162059212
1284,6,6,0.5622084286333073,0.5622084286333073
1285,4,4,0.8101108354260699,0.8101108354260699
1290,6,6,0.3256347315675736,0.3256347315675736
1291,1,1,0.3228589583449961,0.3228589583449961
1302,1,1,0.5942433510420362,0.5942433510420362
1303,2,2,0.5539204033647548,0.5539204033647548
1304,7,7,0.9102556224258525,0.9102556224258525
1306,1,2,0.3452764214196202,0.1762981581977538
1307,5,5,0.7129760646801168,0.7129760646801168
1308,1,1,0.4739601094367356,0.4739601094367356
1310,3,3,0.7994293831538758,0.7994293831538758
1317,1,1,0.6403898107078164,0.6403898107078164
1320,2,5,0.4366381159023675,0.17853702843951244
1329,6,6,0.6514485410301353,0.6514485410301353
1330,2,2,0.6182830106740398,0.6182830106740398
1336,6,6,0.4629378292180932,0.4629378292180932
1339,5,5,0.5910976662414358,0.5910976662414358
1341,3,7,0.2535596893567157,0.25178942887259953
1347,6,6,0.5158935982788654,0.5158935982788654
1348,3,3,0.43502598665275216,0.43502598665275216
1357,2,1,0.5144975725323152,0.1285191680125023
1360,7,2,0.4113551715070255,0.24784082614815447
1361,3,3,0.5901302793146818,0.5901302793146818
1369,3,3,0.7204381008451768,0.7204381008451768
1370,4,4,0.6639081992661269,0.6639081992661269
1378,4,4,0.2838110555599434,0.2838110555599434
1382,2,2,0.5846909813686436,0.5846909813686436
1387,2,2,0.6073813447093422,0.6073813447093422
1392,1,1,0.33077203711560127,0.33077203711560127
1418,7,7,0.7065568899201425,0.7065568899201425
1421,1,1,0.5541317849044387,0.5541317849044387
1424,1,2,0.39267197443851265,0.17976714424174134
1427,1,1,0.6373039094237121,0.6373039094237121
1431,3,3,0.40362555020411534,0.40362555020411534
1434,4,4,0.4017676643394965,0.4017676643394965
1438,1,1,0.5291633785303897,0.5291633785303897
1444,1,3,0.4378802353689337,0.22800858698321408
1449,2,2,0.5956438667940627,0.5956438667940627
1459,1,1,0.32847577416826235,0.32847577416826235
1465,4,4,0.5769093413372105,0.5769093413372105
1484,7,7,0.7798622962599879,0.7798622962599879
1486,4,4,0.375491663308631,0.375491663308631
1491,2,2,0.5289522357732314,0.5289522357732314
1492,7,7,0.6608257009401404,0.6608257009401404
1500,5,5,0.2545931133039689,0.2545931133039689
1516,7,7,0.6490950584846006,0.6490950584846006
1523,1,1,0.357815494838069,0.357815494838069
1527,3,3,0.47125752379952107,0.47125752379952107
1531,1,1,0.2820924301662732,0.2820924301662732
1537,2,3,0.27772999331138376,0.2307531045013261
1544,3,3,0.32532433873475425,0.32532433873475425
1559,5,5,0.6250544817423765,0.6250544817423765
1560,3,3,0.3560484793294668,0.3560484793294668
1562,2,2,0.4371173923854119,0.4371173923854119
1563,2,5,0.3768257374590745,0.1978378486601947
1575,1,1,0.4185035181100042,0.4185035181100042
1576,6,6,0.43200435408152416,0.43200435408152416
1578,1,1,0.36271032451801993,0.36271032451801993
1585,6,6,0.4931637711706697,0.4931637711706697
1587,2,1,0.6356317300894622,0.14439520738790582
1604,1,1,0.5472494321269883,0.5472494321269883
1605,3,6,0.32829122420905343,0.2892327462389711
1613,5,2,0.22298287052600813,0.21587193940146895
1614,2,2,0.4174760894581037,0.4174760894581037
1628,7,7,0.6136575124934586,0.6136575124934586
1630,6,6,0.5893451035479046,0.5893451035479046
1635,4,4,0.5862996678617707,0.5862996678617707
1656,6,6,0.6051327794857708,0.6051327794857708
1662,4,4,0.5736289772325968,0.5736289772325968
1669,5,5,0.6069090252757662,0.6069090252757662
1676,3,3,0.462811844145951,0.462811844145951
1684,7,7,0.5068011702131971,0.5068011702131971
1695,7,7,0.5210482805844185,0.5210482805844185
1696,5,5,0.6843353255143978,0.6843353255143978
1701,1,3,0.2185551406729355,0.11275360350298225
1705,1,1,0.4506368480376478,0.4506368480376478
1708,5,5,0.4738509469245392,0.4738509469245392
1709,7,7,0.8328006422772262,0.8328006422772262
1712,5,5,0.6274241891812551,0.6274241891812551
4,2,1,0.33317324301883877,0.08980951818794518
10,2,2,0.7258950343710588,0.7258950343710588
12,1,1,0.5684131489166523,0.5684131489166523
16,3,3,0.29540095161535296,0.29540095161535296
17,3,3,0.720616382146994,0.720616382146994
22,1,1,0.6576470037571428,0.6576470037571428
26,1,6,0.25685093534690373,0.2102382714314406
29,4,4,0.38599100172312095,0.38599100172312095
32,3,3,0.3153636915037965,0.3153636915037965
37,5,5,0.6544605595883791,0.6544605595883791
45,1,1,0.561560846014019,0.561560846014019
47,2,2,0.5304212411142006,0.5304212411142006
52,4,4,0.4925241995804522,0.4925241995804522
55,5,5,0.4763017374217288,0.4763017374217288
58,3,1,0.2371283463921469,0.17771974814103036
66,3,3,0.4969515261410607,0.4969515261410607
68,1,1,0.5811280887141271,0.5811280887141271
74,3,3,0.4286825977848156,0.4286825977848156
77,7,6,0.3407814203694296,0.3091317269289293
78,2,1,0.2660590880492703,0.09504813023495993
81,3,3,0.5460408474247125,0.5460408474247125
82,3,3,0.6182252170005882,0.6182252170005882
93,3,5,0.2699750879578088,0.1160683947146181
102,7,7,0.6026492115533173,0.6026492115533173
106,3,3,0.4994304263741015,0.4994304263741015
120,1,1,0.48270948978133565,0.48270948978133565
122,4,4,0.5195798957763798,0.5195798957763798
137,5,5,0.3850809358228417,0.3850809358228417
138,1,1,0.5792645573311047,0.5792645573311047
147,2,2,0.5149373475820255,0.5149373475820255
152,2,2,0.38910125927598027,0.38910125927598027
157,4,4,0.30640192546329803,0.30640192546329803
159,6,6,0.36804853794050785,0.36804853794050785
161,6,6,0.5316981005621579,0.5316981005621579
171,7,7,0.6196106819561755,0.6196106819561755
174,3,3,0.7041847480843876,0.7041847480843876
180,7,7,0.2852019336423455,0.2852019336423455
181,7,7,0.256391426717132,0.256391426717132
182,2,3,0.39806180153538206,0.28118914985446153
184,4,4,0.41632903033127067,0.41632903033127067
188,6,6,0.5354719955450151,0.5354719955450151
192,4,4,0.3795820594766798,0.3795820594766798
193,6,6,0.6968088679737447,0.6968088679737447
200,1,1,0.5768097845424849,0.5768097845424849
203,2,1,0.4638660437479433,0.16148568935340724
207,4,4,0.7451576552211937,0.7451576552211937
209,3,3,0.6796523350759558,0.6796523350759558
211,1,4,0.33513119523354845,0.3154312481276521
215,2,2,0.40436905174721716,0.40436905174721716
225,3,3,0.2822685023279567,0.2822685023279567
230,6,6,0.5627096933213764,0.5627096933213764
232,4,5,0.2900620782790215,0.25483411354706526
238,7,7,0.6977054968998837,0.6977054968998837
241,2,2,0.4539921169296106,0.4539921169296106
242,3,3,0.5006090516400094,0.5006090516400094
257,5,5,0.4156757325485652,0.4156757325485652
258,6,6,0.5367824348163623,0.5367824348163623
270,6,6,0.2765513052445696,0.2765513052445696
271,1,1,0.7595520129879495,0.7595520129879495
281,1,1,0.7100711127232741,0.7100711127232741
282,6,6,0.6201440482783106,0.6201440482783106
284,7,7,0.8107724976432018,0.8107724976432018
291,2,2,0.4970704815021112,0.4970704815021112
301,3,3,0.4715650398187924,0.4715650398187924
306,3,3,0.3577665617996928,0.3577665617996928
308,2,2,0.40364075071821554,0.40364075071821554
310,1,5,0.27656067069029266,0.1515561731272161
311,5,5,0.30757083698818477,0.30757083698818477
327,1,1,0.6199774439095244,0.6199774439095244
335,1,1,0.6200537644868491,0.6200537644868491
341,7,7,0.5073119892909028,0.5073119892909028
344,1,1,0.602416112172487,0.602416112172487
346,1,1,0.7126370300219146,0.7126370300219146
352,2,2,0.5093644169256745,0.5093644169256745
358,5,5,0.52254101991072,0.52254101991072
362,6,6,0.6464631149074372,0.6464631149074372
366,5,5,0.6247101285184647,0.6247101285184647
374,1,1,0.46564814757139616,0.46564814757139616
375,5,5,0.2878236719496308,0.2878236719496308
377,1,1,0.4832981009375551,0.4832981009375551
386,2,6,0.3499939953918093,0.29016917060124486
387,3,3,0.5530620126708408,0.5530620126708408
394,2,2,0.48542947810330245,0.48542947810330245
400,5,5,0.663450742343077,0.663450742343077
407,4,1,0.4135688294760707,0.13985538775117884
414,1,1,0.4842235670522808,0.4842235670522808
416,7,7,0.7352261006279618,0.7352261006279618
417,7,7,0.4290141630009179,0.4290141630009179
418,7,7,0.38708099938896035,0.38708099938896035
420,3,3,0.36011874157783164,0.36011874157783164
425,1,1,0.710997389748862,0.710997389748862
431,5,5,0.41987342158540425,0.41987342158540425
433,6,3,0.35962038941655095,0.18475200391819382
442,7,7,0.47039513484626927,0.47039513484626927
447,1,1,0.48798205525599136,0.48798205525599136
457,5,5,0.6013862349043629,0.6013862349043629
460,3,3,0.5464522574160955,0.5464522574160955
466,1,1,0.7036740348669455,0.7036740348669455
469,1,6,0.32966056358534906,0.27661479906868647
485,1,1,0.6282685210698699,0.6282685210698699
491,6,4,0.25960833746869216,0.186202650352652
492,2,1,0.7250350379611491,0.12609621813149083
511,3,3,0.49181149123108975,0.49181149123108975
531,7,7,0.5840701735406589,0.5840701735406589
532,7,7,0.8279424942723858,0.8279424942723858
535,6,6,0.33441366424070756,0.33441366424070756
541,1,1,0.6602846144405309,0.6602846144405309
549,1,1,0.634066023124929,0.634066023124929
556,7,7,0.6785876070718052,0.6785876070718052
558,1,1,0.41266643614366094,0.41266643614366094
564,5,5,0.6314554717307138,0.6314554717307138
573,2,2,0.28071436179404663,0.28071436179404663
578,4,4,0.6994973484821418,0.6994973484821418
579,7,7,0.8046583811164502,0.8046583811164502
581,4,4,0.5998703480435882,0.5998703480435882
594,7,7,0.5315071416193139,0.5315071416193139
598,3,3,0.6559782000880245,0.6559782000880245
601,3,3,0.3651747618876981,0.3651747618876981
604,2,2,0.42240019813922935,0.42240019813922935
606,5,5,0.6391451328503741,0.6391451328503741
609,1,4,0.215754184269282,0.21424457650030765
613,1,5,0.3099385914025177,0.09616245927550185
614,2,2,0.5202610264985309,0.5202610264985309
624,1,1,0.3920020384752705,0.3920020384752705
625,7,7,0.6440899292869031,0.6440899292869031
630,3,6,0.6160234731434463,0.11050163925435928
631,1,6,0.2547590364276609,0.1670877927141388
637,3,3,0.5763587775842302,0.5763587775842302
644,4,4,0.5732661116502102,0.5732661116502102
652,2,2,0.6152007058156275,0.6152007058156275
655,2,2,0.5908024056783613,0.5908024056783613
660,2,2,0.6268397320992601,0.6268397320992601
668,1,1,0.42360119164969234,0.42360119164969234
673,3,3,0.7647452200286939,0.7647452200286939
675,2,2,0.5722759946120942,0.5722759946120942
676,4,4,0.7637434579586083,0.7637434579586083
680,1,1,0.46936629582443323,0.46936629582443323
682,7,7,0.8545655730064496,0.8545655730064496
689,5,5,0.6953606043104016,0.6953606043104016
690,1,1,0.7020203233284812,0.7020203233284812
696,1,1,0.7196157867840558,0.7196157867840558
702,4,4,0.7211674538599888,0.7211674538599888
714,3,6,0.351278949236297,0.22059328073302048
718,1,1,0.45952469506981963,0.45952469506981963
721,1,1,0.4022735918758929,0.4022735918758929
726,4,4,0.5875372854858656,0.5875372854858656
734,4,4,0.7105988531325553,0.7105988531325553
737,6,6,0.2876724854866733,0.2876724854866733
747,5,5,0.6420882909666322,0.6420882909666322
750,4,4,0.48151093795989613,0.48151093795989613
751,4,4,0.6187192786425861,0.6187192786425861
752,3,3,0.6929789471232258,0.6929789471232258
759,5,1,0.24272806703608374,0.22422923161180083
762,1,1,0.667427697370701,0.667427697370701
764,3,3,0.6161779082213636,0.6161779082213636
765,4,4,0.6004278989109979,0.6004278989109979
766,4,4,0.41521251593526676,0.41521251593526676
774,1,1,0.6489243976492844,0.6489243976492844
775,2,2,0.4924119513272492,0.4924119513272492
797,5,5,0.5536109693376828,0.5536109693376828
802,6,6,0.4787126691404604,0.4787126691404604
826,5,5,0.5059938865708187,0.5059938865708187
827,4,4,0.23697120328899343,0.23697120328899343
832,6,3,0.38085559888799814,0.3691577512014049
835,1,1,0.588862059708782,0.588862059708782
838,2,2,0.5525491540371305,0.5525491540371305
844,2,7,0.4463483913264594,0.36187968601153475
851,5,5,0.34972124031796165,0.34972124031796165
857,1,1,0.5133989308615728,0.5133989308615728
872,1,1,0.6994794417633166,0.6994794417633166
877,5,5,0.5216420273025826,0.5216420273025826
881,2,1,0.583722961414637,0.09110911426832462
885,3,3,0.5077426040265632,0.5077426040265632
895,7,7,0.8050407082309688,0.8050407082309688
899,6,6,0.4166894664616288,0.4166894664616288
903,5,5,0.4265806211595151,0.4265806211595151
907,6,6,0.4150095476264932,0.4150095476264932
912,2,1,0.3285553068775018,0.18719895005253434
918,6,6,0.4105628106709656,0.4105628106709656
919,5,5,0.43139917621619095,0.43139917621619095
921,1,1,0.6320080350169149,0.6320080350169149
924,6,4,0.32798688711764645,0.20568630667248045
925,4,5,0.4526574592921552,0.3700751258385745
933,1,1,0.442144542463198,0.442144542463198
940,3,3,0.6404558046247375,0.6404558046247375
941,7,7,0.7654689267626416,0.7654689267626416
945,5,5,0.6887800310554533,0.6887800310554533
951,2,2,0.6015892290274668,0.6015892290274668
953,1,1,0.8228284504855616,0.8228284504855616
955,5,3,0.34108090703099875,0.3152884044197372
957,1,1,0.6416131322535324,0.6416131322535324
961,5,5,0.5113953201988637,0.5113953201988637
966,2,5,0.40797803938342264,0.21068047637001483
970,4,4,0.5876719863804808,0.5876719863804808
971,1,1,0.64498299660215,0.64498299660215
973,1,1,0.45455676671626394,0.45455676671626394
982,7,7,0.6093820622985762,0.6093820622985762
983,1,1,0.483275285221898,0.483275285221898
987,3,3,0.6769211303125038,0.6769211303125038
993,6,6,0.3508629204095171,0.3508629204095171
994,7,7,0.8126330062951703,0.8126330062951703
1000,3,3,0.3628259391239022,0.3628259391239022
1004,6,6,0.5742808706284884,0.5742808706284884
1007,2,2,0.6068364548132031,0.6068364548132031
1016,6,6,0.66011824069301,0.66011824069301
1021,1,4,0.295637888087366,0.2570941112466002
1042,3,3,0.31990621571321215,0.31990621571321215
1056,4,4,0.7873494548196671,0.7873494548196671
1057,5,5,0.46562829017954577,0.46562829017954577
1061,6,6,0.43375925912506846,0.43375925912506846
1064,1,6,0.3286435674385262,0.09107132863331362
1068,4,4,0.736118274706247,0.736118274706247
1070,5,5,0.6667681833685895,0.6667681833685895
1072,7,7,0.6489975379065853,0.6489975379065853
1083,3,3,0.5159036953747764,0.5159036953747764
1088,3,7,0.276822222533926,0.13007246207744003
1095,1,1,0.7375018866414333,0.7375018866414333
1096,3,5,0.24386864193269278,0.21411235996442185
1099,4,4,0.7499119096723504,0.7499119096723504
1107,7,7,0.4020627899549659,0.4020627899549659
1109,1,1,0.41679165739156443,0.41679165739156443
1111,5,5,0.6391106369844143,0.6391106369844143
1121,3,3,0.6579843123284794,0.6579843123284794
1126,2,5,0.28784381837613815,0.18199157072998545
1133,7,7,0.5778920846067266,0.5778920846067266
1134,1,1,0.2687110675913169,0.2687110675913169
1140,1,1,0.565593068794358,0.565593068794358
1142,5,5,0.6799483609438217,0.6799483609438217
1148,6,1,0.30804256298628274,0.17062482982113836
1152,1,1,0.40369051705357994,0.40369051705357994
1159,3,3,0.36104791077265364,0.36104791077265364
1166,1,1,0.29400168389392084,0.29400168389392084
1173,5,5,0.3206506686804734,0.3206506686804734
1175,3,3,0.247637162558552,0.247637162558552
1183,4,4,0.46785341774440425,0.46785341774440425
1185,1,1,0.5501401731953905,0.5501401731953905
1188,2,2,0.5084741579989558,0.5084741579989558
1191,2,2,0.3240104338788891,0.3240104338788891
1192,4,4,0.7737280954996534,0.7737280954996534
1197,6,6,0.3427426075535402,0.3427426075535402
1203,3,3,0.4185372769877653,0.4185372769877653
1207,3,4,0.24575132236421382,0.24266235705751835
1213,7,7,0.42192462497089855,0.42192462497089855
1219,5,5,0.6423461001527144,0.6423461001527144
1224,1,1,0.490003048666808,0.490003048666808
1231,5,5,0.4150446339189313,0.4150446339189313
1246,6,6,0.6065563222845006,0.6065563222845006
1250,2,1,0.4801827184516968,0.11526401236444307
1252,5,5,0.689457215381066,0.689457215381066
1257,2,2,0.36152900143359745,0.36152900143359745
1259,2,2,0.4351748265899059,0.4351748265899059
1274,5,5,0.38329794620523533,0.38329794620523533
1280,4,4,0.6730723456727178,0.6730723456727178
1281,2,2,0.2907132026957666,0.2907132026957666
1287,1,1,0.38159450937008116,0.38159450937008116
1292,1,1,0.5140994580092169,0.5140994580092169
1293,2,1,0.5415929297119491,0.1436138625262191
1298,5,5,0.4315295845690562,0.4315295845690562
1299,4,4,0.4168443464449566,0.4168443464449566
1300,1,1,0.615767849102885,0.615767849102885
1311,2,2,0.5047102010596951,0.5047102010596951
1312,4,4,0.19184052601214083,0.19184052601214083
1313,5,5,0.6547175702065411,0.6547175702065411
1323,5,4,0.459894278953829,0.24423500306953388
1326,7,7,0.8467007415120748,0.8467007415120748
1327,4,4,0.8326164671937093,0.8326164671937093
1335,2,2,0.5624068513389583,0.5624068513389583
1343,6,6,0.41626652350577137,0.41626652350577137
1354,3,3,0.6293661523992206,0.6293661523992206
1365,6,6,0.6137911634814096,0.6137911634814096
1368,5,5,0.7163047680892096,0.7163047680892096
1375,2,2,0.5545818658584791,0.5545818658584791
1395,5,5,0.4337788706831332,0.4337788706831332
1406,6,6,0.5223647487277833,0.5223647487277833
1411,2,1,0.4663450625895782,0.10703984078675735
1413,3,3,0.5307466853475353,0.5307466853475353
1419,1,1,0.5638223850300458,0.5638223850300458
1428,2,2,0.4899813980936962,0.4899813980936962
1429,3,3,0.7400428014998083,0.7400428014998083
1432,1,1,0.6175750883035004,0.6175750883035004
1435,7,7,0.5424053751588104,0.5424053751588104
1439,5,5,0.5251002260699467,0.5251002260699467
1441,1,6,0.27863095110539665,0.1953361727204543
1442,7,7,0.9223229061614475,0.9223229061614475
1445,2,2,0.6136775090725249,0.6136775090725249
1453,7,7,0.6590650485930463,0.6590650485930463
1463,5,5,0.6080728354884143,0.6080728354884143
1466,1,4,0.40188690646438435,0.13040373304495145
1467,5,5,0.29379819390113465,0.29379819390113465
1475,2,2,0.5702338166716276,0.5702338166716276
1480,4,2,0.4252562428787742,0.017123301713465645
1483,6,6,0.5516198812815243,0.5516198812815243
1490,1,1,0.49619291720293274,0.49619291720293274
1493,4,2,0.22767152528756524,0.09231319157961465
1498,7,6,0.40841724247180466,0.31784806856948633
1503,7,7,0.7540264756228716,0.7540264756228716
1513,7,7,0.5852665993272237,0.5852665993272237
1515,2,2,0.2611793322471625,0.2611793322471625
1518,2,2,0.3315135242909909,0.3315135242909909
1521,4,4,0.39411999309226936,0.39411999309226936
1525,7,7,0.8164310540865257,0.8164310540865257
1526,2,1,0.6367905194819465,0.0848155879213662
1536,7,3,0.3649322120075111,0.10603283956332739
1541,5,5,0.6691654384070636,0.6691654384070636
1547,3,3,0.5795505837335334,0.5795505837335334
1548,7,7,0.5614808486262647,0.5614808486262647
1552,3,3,0.5947182447991319,0.5947182447991319
1558,3,6,0.34569395952323767,0.19983616513414748
1565,2,2,0.41161595613775864,0.41161595613775864
1577,7,7,0.40361413432790333,0.40361413432790333
1580,5,5,0.47462292327940114,0.47462292327940114
1582,5,5,0.5737895961308266,0.5737895961308266
1584,2,2,0.4030658251483215,0.4030658251483215
1590,6,6,0.5788004294047482,0.5788004294047482
1591,2,2,0.6416893589591446,0.6416893589591446
1599,3,3,0.38852635933343665,0.38852635933343665
1600,7,7,0.5670169182776961,0.5670169182776961
1601,4,4,0.43194628630105414,0.43194628630105414
1603,3,3,0.49380713919048996,0.49380713919048996
1616,3,3,0.6480093493373144,0.6480093493373144
1623,6,6,0.34804323647919855,0.34804323647919855
1631,2,1,0.6076298816004557,0.1657241482711984
1633,7,7,0.6831877229424848,0.6831877229424848
1637,4,4,0.42096059885188936,0.42096059885188936
1642,4,4,0.713627441577631,0.713627441577631
1646,2,2,0.5368648882186132,0.5368648882186132
1652,1,1,0.40358957234161474,0.40358957234161474
1653,2,2,0.5597022201497966,0.5597022201497966
1654,3,3,0.31942339067593073,0.31942339067593073
1661,1,1,0.6053300775776621,0.6053300775776621
1668,2,2,0.31659296764778344,0.31659296764778344
1670,1,6,0.27659213032209623,0.23388781485550356
1672,4,5,0.48347479551250555,0.2268078790766459
1679,6,6,0.6373306921468423,0.6373306921468423
1681,1,1,0.6141931001501217,0.6141931001501217
1685,7,7,0.9130457307503126,0.9130457307503126
1686,3,3,0.2547937163062436,0.2547937163062436
1687,5,5,0.57524417826245,0.57524417826245
1690,3,3,0.42562928489193014,0.42562928489193014
1697,6,6,0.6757148348876172,0.6757148348876172
1698,2,2,0.37583424188638453,0.37583424188638453
1706,1,1,0.4082889822984063,0.4082889822984063
1714,1,1,0.2833148857999599,0.2833148857999599
0,1,1,0.7346293557462862,0.7346293557462862
7,2,2,0.25870271150919466,0.25870271150919466
11,1,4,0.3081019058350574,0.2953989522244768
14,2,2,0.6140053451492015,0.6140053451492015
15,7,7,0.8023203270815251,0.8023203270815251
18,4,4,0.3685439683726499,0.3685439683726499
19,5,5,0.749652688757481,0.749652688757481
20,3,3,0.6649572422425858,0.6649572422425858
33,7,7,0.4278883262587684,0.4278883262587684
35,6,6,0.6820907114221991,0.6820907114221991
39,6,6,0.6554125670314171,0.6554125670314171
44,5,5,0.40225945899956667,0.40225945899956667
48,4,4,0.2915867700421058,0.2915867700421058
49,3,3,0.751714773042409,0.751714773042409
51,1,1,0.6474067395389151,0.6474067395389151
57,3,3,0.5448878354910092,0.5448878354910092
59,6,3,0.2751702045490261,0.27235424424527527
70,6,6,0.5928101361806242,0.5928101361806242
75,2,2,0.28991160098393554,0.28991160098393554
80,4,4,0.6354654365673553,0.6354654365673553
86,7,7,0.6382788184574733,0.6382788184574733
89,1,6,0.3373752313417702,0.25804603261770703
91,7,7,0.658833640923495,0.658833640923495
96,4,4,0.7399042644732001,0.7399042644732001
99,3,3,0.6461049453015215,0.6461049453015215
105,1,1,0.40566280350533435,0.40566280350533435
107,1,1,0.6639533835531519,0.6639533835531519
109,1,1,0.7140385351811708,0.7140385351811708
110,1,1,0.23658995364308927,0.23658995364308927
114,7,7,0.8281252776586401,0.8281252776586401
115,2,2,0.6051613056552215,0.6051613056552215
116,4,4,0.2625830625665203,0.2625830625665203
124,5,5,0.7025587618037656,0.7025587618037656
127,5,6,0.43623807780837603,0.17921392485420917
128,4,4,0.40336346920639904,0.40336346920639904
129,4,4,0.8049314588726628,0.8049314588726628
135,1,1,0.6620228932500092,0.6620228932500092
148,4,4,0.46842852819567815,0.46842852819567815
156,2,2,0.5362840924786237,0.5362840924786237
158,2,1,0.6452492277687761,0.07200168421664206
162,2,2,0.43858732818762036,0.43858732818762036
167,3,3,0.404985725717783,0.404985725717783
172,1,1,0.49725512120598503,0.49725512120598503
178,4,4,0.2748526024944408,0.2748526024944408
194,3,3,0.34081042825077146,0.34081042825077146
199,3,4,0.34424212563682227,0.18234035143881627
202,6,6,0.455746327797768,0.455746327797768
213,4,4,0.46108815389339597,0.46108815389339597
222,2,2,0.5104582149091818,0.5104582149091818
223,4,4,0.543221626522201,0.543221626522201
233,3,3,0.5855318028841361,0.5855318028841361
237,3,3,0.7131020310019732,0.7131020310019732
239,5,5,0.4962992135432521,0.4962992135432521
240,5,5,0.5455834526811422,0.5455834526811422
253,1,1,0.7019439369720467,0.7019439369720467
261,1,1,0.6111634017592336,0.6111634017592336
263,1,1,0.6062564821325442,0.6062564821325442
266,6,6,0.537556818131243,0.537556818131243
267,4,4,0.6286934011545086,0.6286934011545086
274,5,5,0.6882175312925507,0.6882175312925507
276,3,1,0.27086784269696956,0.17594634240996085
277,2,1,0.6447604783775088,0.07871903055360646
288,2,2,0.676993452658253,0.676993452658253
289,5,5,0.8069415996615539,0.8069415996615539
294,7,7,0.4467322486256766,0.4467322486256766
296,2,2,0.44743989822307034,0.44743989822307034
297,4,4,0.5452419617138599,0.5452419617138599
302,6,6,0.5590722315339411,0.5590722315339411
303,3,3,0.3817208380042306,0.3817208380042306
321,2,2,0.6235806496433088,0.6235806496433088
332,4,4,0.6965940643728162,0.6965940643728162
336,2,2,0.5914221123363476,0.5914221123363476
339,2,2,0.5523371915213945,0.5523371915213945
340,6,2,0.2807519605740894,0.23113681921055193
347,6,6,0.5928533214500594,0.5928533214500594
349,6,6,0.6839862542249886,0.6839862542249886
356,4,4,0.4495566743980399,0.4495566743980399
363,1,1,0.5770671462737103,0.5770671462737103
371,6,6,0.4675230805574808,0.4675230805574808
376,7,7,0.6029190220996333,0.6029190220996333
379,2,2,0.5348786578745239,0.5348786578745239
381,2,3,0.2970016703905005,0.29131952089267465
390,5,5,0.4099879560212421,0.4099879560212421
391,7,7,0.749028411742102,0.749028411742102
396,2,2,0.6080271204167879,0.6080271204167879
406,7,7,0.46117067443665577,0.46117067443665577
408,2,2,0.37430311920647735,0.37430311920647735
412,7,7,0.8365811469054244,0.8365811469054244
415,5,5,0.41853518004683954,0.41853518004683954
427,5,5,0.5273843491822291,0.5273843491822291
428,6,6,0.5895037629385331,0.5895037629385331
438,6,6,0.5474104169810977,0.5474104169810977
441,4,4,0.34181597774481687,0.34181597774481687
443,5,5,0.39666593063199596,0.39666593063199596
446,5,5,0.4842723745131164,0.4842723745131164
458,1,1,0.5225098072720687,0.5225098072720687
461,4,4,0.6653133098838367,0.6653133098838367
465,3,7,0.4100601627148885,0.19953207330196787
471,1,5,0.23896800780153374,0.18174056408038103
474,3,2,0.36977946488416946,0.25777794092861006
475,1,1,0.28062321854578776,0.28062321854578776
481,2,1,0.42638701784371186,0.14455193838639693
482,1,1,0.3333277599499234,0.3333277599499234
487,5,5,0.6450115439708741,0.6450115439708741
488,1,6,0.290633095108784,0.27336856512873403
498,1,1,0.5651379154260543,0.5651379154260543
518,7,7,0.46791785206927317,0.46791785206927317
520,5,5,0.5601187105442449,0.5601187105442449
523,2,2,0.3698818944518387,0.3698818944518387
533,3,3,0.5136907931632294,0.5136907931632294
534,6,6,0.4811410626021331,0.4811410626021331
548,4,4,0.5946950514857913,0.5946950514857913
565,4,3,0.4047087575783591,0.10018468061601257
567,1,1,0.3478793885858875,0.3478793885858875
568,1,1,0.6854297447284123,0.6854297447284123
570,1,1,0.7091934722201044,0.7091934722201044
572,2,2,0.3493326608141079,0.3493326608141079
576,3,3,0.6091644641500666,0.6091644641500666
577,7,7,0.5628270108021495,0.5628270108021495
580,2,1,0.5848970715590679,0.1765463574058423
582,1,1,0.7901290433420016,0.7901290433420016
585,2,2,0.5017126084259573,0.5017126084259573
597,2,2,0.5446654869678127,0.5446654869678127
602,1,1,0.6695094350746588,0.6695094350746588
608,7,7,0.8982962361143083,0.8982962361143083
620,5,5,0.5297494896674417,0.5297494896674417
623,1,6,0.35506633953487,0.12347631461590741
626,3,3,0.566218448660605,0.566218448660605
627,3,3,0.2340986904907947,0.2340986904907947
629,5,5,0.3711275070933616,0.3711275070933616
632,3,3,0.32043575429435184,0.32043575429435184
634,2,2,0.4834291063578606,0.4834291063578606
638,7,7,0.827079250344995,0.827079250344995
639,5,5,0.7028881680850151,0.7028881680850151
641,2,1,0.5309724004760247,0.11575624771745474
647,1,1,0.3940517134106881,0.3940517134106881
648,4,4,0.7916798711053995,0.7916798711053995
651,3,3,0.3917012517518891,0.3917012517518891
654,2,1,0.36211431398400434,0.11663632312740264
661,1,1,0.29467212074163945,0.29467212074163945
667,1,1,0.7669210954412985,0.7669210954412985
670,5,5,0.59447871646205,0.59447871646205
686,2,1,0.40187309803633603,0.07629728377168887
691,5,5,0.4926545265784029,0.4926545265784029
692,3,3,0.4462405634772444,0.4462405634772444
697,1,1,0.6717373773590976,0.6717373773590976
699,3,3,0.34023011629954475,0.34023011629954475
705,2,2,0.5371722022097566,0.5371722022097566
712,2,2,0.5677991418224746,0.5677991418224746
719,6,6,0.42285796361058786,0.42285796361058786
720,2,5,0.38642844867407244,0.24086255646831403
731,2,2,0.5340029566825417,0.5340029566825417
732,5,5,0.4100762909897814,0.4100762909897814
735,3,7,0.299893940009782,0.25922207033047506
740,6,6,0.5637841840515113,0.5637841840515113
753,4,4,0.5691830295581991,0.5691830295581991
757,7,7,0.3336037495554759,0.3336037495554759
763,1,3,0.371429757746008,0.2630884291014011
768,2,2,0.5130126804377484,0.5130126804377484
769,1,1,0.715410680854555,0.715410680854555
773,3,3,0.5520728002194274,0.5520728002194274
777,4,4,0.6628518258602775,0.6628518258602775
782,6,6,0.2956097196080035,0.2956097196080035
790,5,5,0.515859775228055,0.515859775228055
791,7,7,0.8447331594618233,0.8447331594618233
792,3,6,0.289428806204217,0.28240806940843516
801,7,7,0.85923074005312,0.85923074005312
807,7,7,0.7278276689549698,0.7278276689549698
808,1,1,0.7608623895943842,0.7608623895943842
817,5,5,0.6991630044279161,0.6991630044279161
821,1,1,0.3871996328165185,0.3871996328165185
823,3,3,0.2578332221500287,0.2578332221500287
829,4,4,0.3255279269012666,0.3255279269012666
830,6,4,0.40709921497578183,0.1766835898860115
836,6,6,0.29257419907329524,0.29257419907329524
837,2,1,0.4965596281487769,0.10847471949669128
841,7,7,0.6783503189624042,0.6783503189624042
845,4,4,0.4853233897669172,0.4853233897669172
856,1,2,0.34907453889910034,0.19031265426039437
858,1,1,0.5318267587307404,0.5318267587307404
861,5,5,0.3635710344189341,0.3635710344189341
863,3,3,0.4817110529171932,0.4817110529171932
869,5,5,0.7748637838964147,0.7748637838964147
871,6,6,0.6279838958213024,0.6279838958213024
873,5,5,0.7657602644267287,0.7657602644267287
888,1,1,0.38880263636579404,0.38880263636579404
891,5,5,0.42091448082923527,0.42091448082923527
893,4,4,0.6744786734873996,0.6744786734873996
901,3,2,0.5238110590068937,0.17012153982411546
902,1,1,0.3597432491069163,0.3597432491069163
904,6,6,0.5427455875141204,0.5427455875141204
908,3,3,0.4493467028341257,0.4493467028341257
914,5,5,0.5714117605246272,0.5714117605246272
916,2,7,0.2953999309387835,0.27701593966099813
922,1,1,0.666612722766207,0.666612722766207
936,3,1,0.23401583669321369,0.21573337594188374
944,1,1,0.7581283745850088,0.7581283745850088
946,2,2,0.6767213786325432,0.6767213786325432
968,5,4,0.5229025125412283,0.20971967508598513
969,5,5,0.37787544029924625,0.37787544029924625
985,1,1,0.37861272064982515,0.37861272064982515
988,2,2,0.5625596300334682,0.5625596300334682
998,3,3,0.3727892120208404,0.3727892120208404
1003,3,3,0.4566817738962749,0.4566817738962749
1006,3,3,0.5345011624860594,0.5345011624860594
1014,6,6,0.3420818163775724,0.3420818163775724
1019,2,1,0.704881689970927,0.08764383338073764
1023,1,1,0.33170447927664093,0.33170447927664093
1027,7,7,0.6382361756395524,0.6382361756395524
1032,4,4,0.5485927431491571,0.5485927431491571
1033,1,1,0.7028846061238581,0.7028846061238581
1041,4,4,0.556441139792099,0.556441139792099
1044,6,3,0.3315611141655192,0.23417503711394516
1050,4,4,0.5084991203546626,0.5084991203546626
1054,7,7,0.8481031574448212,0.8481031574448212
1060,1,1,0.3008154538443511,0.3008154538443511
1069,1,6,0.25006071948044056,0.1927552431991858
1075,5,5,0.5502603558569946,0.5502603558569946
1078,3,7,0.3055475011304537,0.1797495094091976
1084,6,6,0.5706073662081343,0.5706073662081343
1091,5,3,0.40997182514112174,0.27379677534371816
1093,5,5,0.48303928553656234,0.48303928553656234
1102,3,3,0.24082622350590704,0.24082622350590704
1112,3,3,0.355889727607237,0.355889727607237
1114,5,5,0.5707673957745291,0.5707673957745291
1115,2,2,0.4809822246401614,0.4809822246401614
1116,4,4,0.5871076141492678,0.5871076141492678
1122,1,1,0.7465230355897637,0.7465230355897637
1127,4,3,0.2973415339961522,0.19773788467667566
1128,1,1,0.31815265119303876,0.31815265119303876
1136,2,2,0.4756444786901177,0.4756444786901177
1144,1,1,0.6530397858968497,0.6530397858968497
1146,5,5,0.4865856663786085,0.4865856663786085
1150,4,4,0.29808368137550073,0.29808368137550073
1151,3,5,0.303335332338499,0.09394993514195336
1154,5,5,0.4143103335965047,0.4143103335965047
1155,3,3,0.34589052286674876,0.34589052286674876
1158,3,3,0.6972270571954795,0.6972270571954795
1170,5,5,0.26578857993287724,0.26578857993287724
1174,3,3,0.6240929281411578,0.6240929281411578
1180,2,2,0.6797240894905501,0.6797240894905501
1189,6,6,0.6012018449118754,0.6012018449118754
1190,7,7,0.5870198372728569,0.5870198372728569
1193,6,6,0.2707342037890102,0.2707342037890102
1195,3,3,0.467347510507109,0.467347510507109
1215,1,1,0.6365571250478329,0.6365571250478329
1218,1,1,0.4622588869328761,0.4622588869328761
1222,5,1,0.2620804172834665,0.1757697814699654
1225,7,7,0.5032288418207279,0.5032288418207279
1228,1,1,0.5416772933067889,0.5416772933067889
1229,3,3,0.6491227895228093,0.6491227895228093
1237,4,4,0.39874215478626074,0.39874215478626074
1239,4,4,0.5156467641337193,0.5156467641337193
1240,1,1,0.6472680826412761,0.6472680826412761
1241,7,7,0.6684291680817438,0.6684291680817438
1243,4,4,0.542612109125162,0.542612109125162
1245,5,5,0.5746598034965077,0.5746598034965077
1251,5,5,0.6150817803741677,0.6150817803741677
1253,7,7,0.595388477962677,0.595388477962677
1262,6,7,0.3811750246976773,0.33268847020322895
1266,2,2,0.46814972091962603,0.46814972091962603
1267,5,5,0.6658166355508611,0.6658166355508611
1273,1,1,0.5965388443752446,0.5965388443752446
1288,3,3,0.2309174375568079,0.2309174375568079
1289,6,6,0.6692511954048026,0.6692511954048026
1296,3,3,0.7308552246001669,0.7308552246001669
1309,3,3,0.5658364216409177,0.5658364216409177
1315,1,1,0.6471363628527137,0.6471363628527137
1322,3,3,0.6866313475459795,0.6866313475459795
1324,4,4,0.3575498954248536,0.3575498954248536
1331,7,7,0.4314459222702668,0.4314459222702668
1332,6,6,0.3140969633850099,0.3140969633850099
1338,7,7,0.815874622181578,0.815874622181578
1340,1,1,0.6146904975607635,0.6146904975607635
1344,3,3,0.7223848513847346,0.7223848513847346
1350,2,3,0.3262702672158923,0.12808530910961466
1352,1,1,0.7192069071664245,0.7192069071664245
1355,4,4,0.2827229367724102,0.2827229367724102
1364,1,6,0.3613367835208523,0.13012741348105977
1372,2,2,0.5932687234209486,0.5932687234209486
1376,7,7,0.5928824595090529,0.5928824595090529
1383,1,1,0.7079914438581908,0.7079914438581908
1385,1,6,0.47220627474141047,0.11391131208165134
1386,5,5,0.6541317972471354,0.6541317972471354
1389,2,2,0.45678988947788457,0.45678988947788457
1390,6,3,0.38612067049702725,0.2297334323720872
1393,1,1,0.5726226897702987,0.5726226897702987
1394,6,6,0.35136277768791624,0.35136277768791624
1396,1,1,0.5687158171546005,0.5687158171546005
1401,3,3,0.4240806250925126,0.4240806250925126
1405,3,3,0.5545502474486431,0.5545502474486431
1407,7,7,0.7575728464788887,0.7575728464788887
1409,3,3,0.5354516168820218,0.5354516168820218
1410,2,2,0.515932801695584,0.515932801695584
1412,7,7,0.4149575597383114,0.4149575597383114
1414,3,3,0.5529979340927946,0.5529979340927946
1426,2,1,0.2547192493910211,0.20817450529061723
1430,2,1,0.5827195542886199,0.15913469605687947
1433,1,1,0.34220497143324197,0.34220497143324197
1450,7,7,0.6964071091030034,0.6964071091030034
1461,7,7,0.8346385744099437,0.8346385744099437
1469,7,7,0.72341465694859,0.72341465694859
1472,7,7,0.8655388366430004,0.8655388366430004
1473,3,3,0.27900521037228737,0.27900521037228737
1478,2,2,0.32565457029034117,0.32565457029034117
1481,1,1,0.8304954257159111,0.8304954257159111
1488,7,7,0.5209303756644571,0.5209303756644571
1497,7,2,0.4728099664303971,0.35320106122948913
1502,3,3,0.33941415293180754,0.33941415293180754
1504,2,1,0.7003078240264985,0.0777770049910578
1509,2,2,0.40631754461629355,0.40631754461629355
1512,7,7,0.6911777127369104,0.6911777127369104
1522,2,2,0.4113343403209471,0.4113343403209471
1528,2,2,0.578915679735239,0.578915679735239
1530,3,3,0.5744670281653361,0.5744670281653361
1542,1,1,0.5331412307684656,0.5331412307684656
1546,6,6,0.6402632869309881,0.6402632869309881
1551,5,5,0.7186744643863096,0.7186744643863096
1553,2,2,0.4618007017901328,0.4618007017901328
1554,1,1,0.28524496450106174,0.28524496450106174
1569,2,2,0.4430961797315425,0.4430961797315425
1571,1,1,0.4237828784794679,0.4237828784794679
1574,1,1,0.6828178520541653,0.6828178520541653
1579,2,2,0.4344651792035917,0.4344651792035917
1581,5,5,0.2761190888359736,0.2761190888359736
1586,5,5,0.5237946004506358,0.5237946004506358
1593,6,6,0.5323345003126562,0.5323345003126562
1611,1,1,0.4797474134309674,0.4797474134309674
1615,7,7,0.38912658230152075,0.38912658230152075
1617,6,3,0.2841743910831463,0.22332369879683
1618,1,1,0.45330423230510875,0.45330423230510875
1620,4,4,0.5015548165911874,0.5015548165911874
1621,2,2,0.3851420289899552,0.3851420289899552
1622,5,5,0.6469903738878108,0.6469903738878108
1644,7,2,0.308764006974979,0.28095253346235005
1645,7,7,0.8791294631887111,0.8791294631887111
1650,1,1,0.3687342964758857,0.3687342964758857
1659,1,1,0.6753112048686843,0.6753112048686843
1665,7,7,0.8178207608174883,0.8178207608174883
1666,4,5,0.3739998022718801,0.3541916070989458
1675,1,1,0.5892291220844419,0.5892291220844419
1678,4,4,0.3809822823644677,0.3809822823644677
1704,1,1,0.5861990141482737,0.5861990141482737
6,6,6,0.49429850440798767,0.49429850440798767
21,4,6,0.28299525151787974,0.22367533303017176
25,1,1,0.3989271454323458,0.3989271454323458
28,1,1,0.6666555451875616,0.6666555451875616
38,3,3,0.7598161225162358,0.7598161225162358
42,1,1,0.4308665324975363,0.4308665324975363
50,7,7,0.797443508388217,0.797443508388217
54,1,1,0.33781042463848715,0.33781042463848715
56,3,3,0.5014549582230344,0.5014549582230344
62,7,7,0.5735518496418062,0.5735518496418062
64,1,1,0.45396668513289595,0.45396668513289595
67,4,4,0.4736781014183312,0.4736781014183312
72,3,3,0.5020231690767412,0.5020231690767412
79,5,5,0.5054378117056163,0.5054378117056163
83,3,3,0.3451073371696564,0.3451073371696564
85,4,3,0.3503505823412433,0.06948435220174351
87,6,6,0.5449645372810068,0.5449645372810068
92,1,1,0.5807741974292929,0.5807741974292929
94,6,6,0.3395942505835526,0.3395942505835526
98,4,4,0.4110200587103229,0.4110200587103229
103,2,2,0.4177385492701436,0.4177385492701436
126,2,3,0.2848110847743002,0.10731514581728827
132,5,5,0.7141938154382429,0.7141938154382429
136,3,3,0.6807945398887606,0.6807945398887606
139,7,7,0.7181716608373018,0.7181716608373018
140,5,5,0.5969670230705534,0.5969670230705534
143,4,4,0.7651157817387578,0.7651157817387578
149,2,1,0.3936698396033237,0.27403989101480886
150,6,3,0.41724707644298,0.3141732706638806
160,2,2,0.40836204864130854,0.40836204864130854
168,3,3,0.7276927685338459,0.7276927685338459
170,7,7,0.8760484357532903,0.8760484357532903
173,1,1,0.40985330199553816,0.40985330199553816
175,5,5,0.5695281481046247,0.5695281481046247
177,6,6,0.5773280567515031,0.5773280567515031
179,3,3,0.26323419865301584,0.26323419865301584
190,5,4,0.25398211376586594,0.21869119120952057
195,5,5,0.5777602728842882,0.5777602728842882
197,3,3,0.6273943648665078,0.6273943648665078
208,6,6,0.49016527526621445,0.49016527526621445
210,6,6,0.5470435883519079,0.5470435883519079
217,3,3,0.4230460901991243,0.4230460901991243
219,4,4,0.5075350936222145,0.5075350936222145
221,4,4,0.3283918007517331,0.3283918007517331
235,2,2,0.43567714186013734,0.43567714186013734
243,7,7,0.6656168691863138,0.6656168691863138
248,1,1,0.6473006165500912,0.6473006165500912
250,2,5,0.35089819057348526,0.19991804442919192
255,2,2,0.5390230212969824,0.5390230212969824
260,1,1,0.728365479700276,0.728365479700276
273,3,3,0.7020379984681092,0.7020379984681092
280,1,1,0.40829889518410933,0.40829889518410933
287,2,2,0.5329983107409009,0.5329983107409009
300,3,3,0.5956014786387817,0.5956014786387817
307,1,1,0.42941377759213456,0.42941377759213456
315,3,3,0.38042602748209403,0.38042602748209403
318,5,5,0.7420567151759553,0.7420567151759553
319,6,6,0.5556560025037103,0.5556560025037103
322,5,1,0.36064805596468735,0.22128072963545659
329,1,1,0.7058561484622076,0.7058561484622076
330,2,2,0.4104461543593816,0.4104461543593816
348,6,1,0.2978582414923585,0.29649772334348856
350,4,5,0.4094528084954988,0.16968512995169263
353,7,7,0.4933482650326797,0.4933482650326797
357,3,2,0.35425620829838006,0.257301252880854
364,6,6,0.5331056678664925,0.5331056678664925
373,2,2,0.4811046897636549,0.4811046897636549
385,5,6,0.27612991087648275,0.22304942271705788
395,2,2,0.5995439124880739,0.5995439124880739
397,5,5,0.3785144607648699,0.3785144607648699
398,4,4,0.7611059620135506,0.7611059620135506
402,7,7,0.7474842577833499,0.7474842577833499
419,5,5,0.6605000737738436,0.6605000737738436
422,5,5,0.3322916439816996,0.3322916439816996
423,3,3,0.6178908493067835,0.6178908493067835
426,5,4,0.4737375235059479,0.1761241662757729
429,2,2,0.5442281220986553,0.5442281220986553
435,6,6,0.40114967885742714,0.40114967885742714
445,5,5,0.5311709208319336,0.5311709208319336
449,1,3,0.19437265530818923,0.11851722552682314
451,3,3,0.5070074238612489,0.5070074238612489
467,1,1,0.4130451583013492,0.4130451583013492
472,2,2,0.5484219381955331,0.5484219381955331
478,5,5,0.7024532940729256,0.7024532940729256
483,2,2,0.5076635848745163,0.5076635848745163
486,6,6,0.392364846156648,0.392364846156648
489,1,1,0.6651975332247085,0.6651975332247085
499,3,3,0.7990178044635682,0.7990178044635682
500,3,3,0.7764230885332999,0.7764230885332999
501,1,1,0.5116796517740541,0.5116796517740541
502,1,1,0.5059168638321356,0.5059168638321356
505,3,6,0.20774408058494512,0.17341952910958175
506,7,7,0.7346085887924451,0.7346085887924451
507,1,1,0.7510731346442238,0.7510731346442238
515,5,5,0.6240833663313471,0.6240833663313471
516,4,2,0.2716692533979713,0.26213936635145046
522,2,2,0.557844447857373,0.557844447857373
524,6,6,0.28894141422329767,0.28894141422329767
525,4,4,0.6725798276202389,0.6725798276202389
526,4,4,0.7508807805770101,0.7508807805770101
529,2,3,0.3155168650787171,0.2609127427459397
530,2,2,0.4806903686078198,0.4806903686078198
538,2,2,0.34971350769638526,0.34971350769638526
539,2,2,0.4440579455011023,0.4440579455011023
542,1,1,0.6620942294618705,0.6620942294618705
543,2,2,0.48809483585991836,0.48809483585991836
546,1,6,0.3135303573256128,0.11927338179962099
553,6,1,0.4096338720026075,0.14193041744284132
554,4,4,0.44775716776810154,0.44775716776810154
557,1,1,0.5654889362273549,0.5654889362273549
575,1,1,0.4157043775811324,0.4157043775811324
584,2,2,0.345764052701413,0.345764052701413
586,3,3,0.5323059467538547,0.5323059467538547
587,2,1,0.7047193081057173,0.12348825736837375
588,7,7,0.8782331288998803,0.8782331288998803
590,3,3,0.39381270999864415,0.39381270999864415
610,3,6,0.36075702003069365,0.31040747425389714
617,1,1,0.5699176220320062,0.5699176220320062
618,1,1,0.5584525251827276,0.5584525251827276
643,1,1,0.44584398960307947,0.44584398960307947
646,1,1,0.6514191055495951,0.6514191055495951
649,6,6,0.4436554564513706,0.4436554564513706
650,2,2,0.34055006669560584,0.34055006669560584
656,3,3,0.29887935618128214,0.29887935618128214
658,3,3,0.47985156663027284,0.47985156663027284
665,1,1,0.503744710629848,0.503744710629848
666,2,2,0.3910859410184173,0.3910859410184173
679,5,5,0.6571112776243889,0.6571112776243889
684,3,2,0.4757108615491743,0.2365792781666885
687,2,2,0.32412942599565375,0.32412942599565375
693,5,5,0.6214581729603095,0.6214581729603095
694,7,7,0.7030763270072296,0.7030763270072296
706,6,6,0.3804598598687932,0.3804598598687932
707,3,5,0.3879453232764381,0.25501225403575906
710,7,7,0.33453019030678377,0.33453019030678377
711,2,2,0.42528867970643447,0.42528867970643447
722,7,7,0.8561349540104787,0.8561349540104787
724,2,2,0.4597883153202961,0.4597883153202961
725,1,1,0.4528685725825551,0.4528685725825551
727,3,6,0.2711405059950176,0.12277851445264062
729,5,5,0.565072783124176,0.565072783124176
736,3,3,0.35191003007445404,0.35191003007445404
741,7,7,0.8041736388942614,0.8041736388942614
742,5,5,0.6042991808176066,0.6042991808176066
743,7,7,0.7576458518711657,0.7576458518711657
744,7,7,0.5541605360659898,0.5541605360659898
749,1,1,0.3587733932426054,0.3587733932426054
754,1,1,0.6796634822018564,0.6796634822018564
758,1,1,0.31492743031461906,0.31492743031461906
772,3,3,0.6202365541580852,0.6202365541580852
778,4,4,0.4915385392683291,0.4915385392683291
779,7,7,0.554386920451415,0.554386920451415
783,5,5,0.6439200723937487,0.6439200723937487
787,4,4,0.5080121296246645,0.5080121296246645
788,4,4,0.7377375985667004,0.7377375985667004
794,1,1,0.4952094591427907,0.4952094591427907
798,3,3,0.5986176629630987,0.5986176629630987
803,2,1,0.6654725535895291,0.09751459964310374
806,7,2,0.2781343584900495,0.18686120789779323
810,7,7,0.5168143793873219,0.5168143793873219
811,7,7,0.7479776228490675,0.7479776228490675
814,5,5,0.5647810766622147,0.5647810766622147
816,2,5,0.5406561447418485,0.11912849314255383
820,2,7,0.41948647461456035,0.33530209119893273
824,3,3,0.2866831037511268,0.2866831037511268
825,3,3,0.6405802408687982,0.6405802408687982
833,3,3,0.25972335786782413,0.25972335786782413
834,1,4,0.2604508709706043,0.09550958289386723
839,5,5,0.43833988691461256,0.43833988691461256
843,3,3,0.28128510378510385,0.28128510378510385
846,7,7,0.5662230529587007,0.5662230529587007
848,1,1,0.7177946186657607,0.7177946186657607
852,5,5,0.3342263862636785,0.3342263862636785
853,3,3,0.6905465227324435,0.6905465227324435
864,1,1,0.285212243800014,0.285212243800014
866,1,5,0.29252646010331157,0.12926745350585123
880,1,1,0.45283646597472066,0.45283646597472066
884,7,7,0.6366664712758169,0.6366664712758169
886,7,3,0.25808631546117644,0.06460922013673168
889,4,4,0.42697953878490186,0.42697953878490186
892,1,1,0.43739816549479993,0.43739816549479993
898,3,2,0.555100463433704,0.12984686798534636
900,1,1,0.37423254563761543,0.37423254563761543
910,5,3,0.22321053484011388,0.1839640630934592
911,1,1,0.5565007947963542,0.5565007947963542
913,2,1,0.32503131360143506,0.13539724382000637
920,3,3,0.7774732414244986,0.7774732414244986
927,1,1,0.7724315696930429,0.7724315696930429
928,2,2,0.36033238301578524,0.36033238301578524
931,1,1,0.5169237781627071,0.5169237781627071
939,2,2,0.5498310459479835,0.5498310459479835
942,2,7,0.3882890103663634,0.25201678557980156
943,1,1,0.5226889228650103,0.5226889228650103
947,6,2,0.38017971879297535,0.309528065255939
948,2,2,0.5432043603427903,0.5432043603427903
962,6,4,0.36647841566568484,0.2212018900366099
976,4,4,0.5998521369595445,0.5998521369595445
978,1,1,0.5391385182424207,0.5391385182424207
979,7,7,0.8595098626771764,0.8595098626771764
986,3,6,0.25378159813332335,0.06548454953813357
989,4,4,0.3790738006286027,0.3790738006286027
1029,5,5,0.7657405367486717,0.7657405367486717
1030,4,4,0.4514027766794642,0.4514027766794642
1035,2,2,0.6314724828581727,0.6314724828581727
1039,3,3,0.7371330544486056,0.7371330544486056
1043,4,4,0.2307138672823769,0.2307138672823769
1047,6,6,0.33815243598306477,0.33815243598306477
1051,5,5,0.4001092449075588,0.4001092449075588
1065,1,1,0.5225179873519256,0.5225179873519256
1067,5,5,0.5086552187239135,0.5086552187239135
1071,2,2,0.4555959523328334,0.4555959523328334
1073,3,3,0.743464550268392,0.743464550268392
1079,1,1,0.717348786410898,0.717348786410898
1087,4,2,0.2838560949680031,0.14754092193468732
1089,3,3,0.5545064779827317,0.5545064779827317
1092,1,1,0.6175740815319389,0.6175740815319389
1098,7,7,0.6370066696631643,0.6370066696631643
1100,2,2,0.5064843888338258,0.5064843888338258
1103,1,1,0.696050524949904,0.696050524949904
1104,2,2,0.4636690443212182,0.4636690443212182
1108,1,1,0.32177901069096576,0.32177901069096576
1118,6,6,0.5085765464197453,0.5085765464197453
1120,1,1,0.37328115163752784,0.37328115163752784
1123,5,5,0.4389302408109668,0.4389302408109668
1132,5,5,0.632864261254658,0.632864261254658
1135,4,4,0.3635456727667063,0.3635456727667063
1138,5,5,0.4176985144918448,0.4176985144918448
1141,5,5,0.33125753918397166,0.33125753918397166
1143,1,1,0.5627194668684129,0.5627194668684129
1149,2,2,0.6104568970922005,0.6104568970922005
1160,7,7,0.7133362680977974,0.7133362680977974
1161,7,7,0.7108112706063998,0.7108112706063998
1163,4,2,0.20693481864106048,0.1761131056571366
1164,6,6,0.41569163764688544,0.41569163764688544
1167,1,1,0.5855823532476232,0.5855823532476232
1177,2,2,0.4160154280410938,0.4160154280410938
1184,2,1,0.3975028673164813,0.11283247960386394
1187,2,1,0.5672667203856707,0.1377797018901592
1196,5,5,0.42448454104022376,0.42448454104022376
1199,1,1,0.5753593427721205,0.5753593427721205
1202,6,6,0.6000737699057747,0.6000737699057747
1204,2,2,0.37322074378163217,0.37322074378163217
1209,3,3,0.4166303586110215,0.4166303586110215
1216,4,4,0.6826880995962258,0.6826880995962258
1221,6,2,0.3641173615572964,0.31794250678147024
1223,2,2,0.6378338476149908,0.6378338476149908
1233,4,4,0.7586697930952795,0.7586697930952795
1234,7,7,0.8972171487611407,0.8972171487611407
1235,6,6,0.3043984554482877,0.3043984554482877
1238,1,1,0.44246387773495915,0.44246387773495915
1255,3,3,0.459286126455032,0.459286126455032
1256,7,7,0.5340324034167016,0.5340324034167016
1260,1,1,0.5235924658750731,0.5235924658750731
1263,7,7,0.8664704828616793,0.8664704828616793
1268,7,7,0.4773079628649974,0.4773079628649974
1270,1,1,0.35296726142288637,0.35296726142288637
1271,5,5,0.6052477988783197,0.6052477988783197
1272,1,1,0.5784329601757753,0.5784329601757753
1275,7,7,0.9111727925703331,0.9111727925703331
1278,7,7,0.7895963964135005,0.7895963964135005
1295,4,4,0.49503448187191507,0.49503448187191507
1297,2,2,0.4696728958902505,0.4696728958902505
1305,3,2,0.5064556851763002,0.20880952119858265
1314,6,6,0.5070406978353748,0.5070406978353748
1328,3,3,0.5138720613439415,0.5138720613439415
1342,1,1,0.3484571856548655,0.3484571856548655
1351,1,1,0.5762106929685633,0.5762106929685633
1353,4,4,0.5371000335744214,0.5371000335744214
1356,3,3,0.5762911561618458,0.5762911561618458
1366,6,6,0.344372337847897,0.344372337847897
1371,1,1,0.5427761495627164,0.5427761495627164
1377,2,2,0.548575004485569,0.548575004485569
1380,1,1,0.5117129953904165,0.5117129953904165
1388,5,5,0.618224410425049,0.618224410425049
1391,6,6,0.6278066072056919,0.6278066072056919
1397,7,7,0.6652905623493398,0.6652905623493398
1400,7,7,0.42428572159921757,0.42428572159921757
1402,1,6,0.3147978668300949,0.1404187147769942
1408,7,7,0.895809798182998,0.895809798182998
1416,3,3,0.27253842617085533,0.27253842617085533
1417,5,4,0.33298204975744966,0.280383814849698
1423,2,2,0.5848226614050053,0.5848226614050053
1437,6,6,0.5687874952707866,0.5687874952707866
1440,1,1,0.44949894748602465,0.44949894748602465
1443,3,3,0.38144225450008873,0.38144225450008873
1448,2,2,0.48877249509517934,0.48877249509517934
1451,4,4,0.628258139942974,0.628258139942974
1454,1,1,0.5844854524324911,0.5844854524324911
1455,3,3,0.34014946413104774,0.34014946413104774
1456,1,1,0.40231524819735964,0.40231524819735964
1458,4,4,0.6581346768717158,0.6581346768717158
1464,5,5,0.5992260885439877,0.5992260885439877
1468,5,5,0.7241752427309245,0.7241752427309245
1471,5,5,0.7299871669274318,0.7299871669274318
1476,4,4,0.23958335292423957,0.23958335292423957
1477,1,1,0.6712824051752602,0.6712824051752602
1482,6,4,0.3049164338007943,0.24937290262689982
1487,3,3,0.33728572770431164,0.33728572770431164
1489,3,3,0.4190073712262006,0.4190073712262006
1494,3,3,0.6982337884976106,0.6982337884976106
1496,3,3,0.41187787781303853,0.41187787781303853
1501,4,7,0.5620366158771222,0.08712437315645631
1514,6,6,0.38963176814537276,0.38963176814537276
1519,2,2,0.44432958372197995,0.44432958372197995
1520,1,6,0.2975856713678145,0.24589597119360068
1529,2,2,0.49893958191659343,0.49893958191659343
1539,5,5,0.3667592205266122,0.3667592205266122
1545,4,4,0.47349131231211894,0.47349131231211894
1555,5,5,0.32171854073301565,0.32171854073301565
1556,5,5,0.5270910726372847,0.5270910726372847
1557,7,7,0.7375074889516404,0.7375074889516404
1561,2,1,0.6778288363966299,0.16813418401078983
1564,6,6,0.5024555544033562,0.5024555544033562
1567,2,2,0.36430693171248235,0.36430693171248235
1568,7,7,0.8962709998352907,0.8962709998352907
1570,4,4,0.6798150553819143,0.6798150553819143
1572,4,4,0.28029997874349744,0.28029997874349744
1573,5,5,0.5868455403645582,0.5868455403645582
1583,1,2,0.2848082767861703,0.19933884124201182
1595,5,5,0.5674756286215854,0.5674756286215854
1596,7,6,0.30806683751053077,0.16796897937098113
1598,1,1,0.2926174622642964,0.2926174622642964
1609,5,5,0.6476630352424947,0.6476630352424947
1612,1,1,0.3671609569926257,0.3671609569926257
1636,1,1,0.6864860806585071,0.6864860806585071
1639,2,2,0.4895428620917475,0.4895428620917475
1641,4,1,0.2669012566269904,0.25508577383657305
1643,2,1,0.27325518529709997,0.12305457320811328
1651,6,6,0.39181796463044904,0.39181796463044904
1655,4,4,0.7113396354840631,0.7113396354840631
1657,7,7,0.6209090378608761,0.6209090378608761
1663,5,5,0.6888041597194352,0.6888041597194352
1664,4,4,0.27634903295932794,0.27634903295932794
1671,7,7,0.5687028739075879,0.5687028739075879
1677,2,2,0.2818127775375006,0.2818127775375006
1680,7,7,0.42522749536865045,0.42522749536865045
1682,3,1,0.31546104327345253,0.20892680411226516
1693,6,6,0.7223325305565473,0.7223325305565473
1694,3,3,0.5104128072038941,0.5104128072038941
1702,2,2,0.6348423078870167,0.6348423078870167
1703,4,4,0.8045907190223845,0.8045907190223845
1707,6,6,0.584291180318316,0.584291180318316
1711,1,1,0.6792364816895421,0.6792364816895421
3,4,4,0.3394491953935528,0.3394491953935528
8,1,1,0.486461962917518,0.486461962917518
27,6,6,0.5456560305100587,0.5456560305100587
36,3,3,0.45776596466396896,0.45776596466396896
41,7,7,0.6440820155765681,0.6440820155765681
53,7,7,0.8500285417342232,0.8500285417342232
60,3,3,0.6683281248456704,0.6683281248456704
63,7,7,0.6959439320112722,0.6959439320112722
65,1,1,0.3799773710368523,0.3799773710368523
88,3,3,0.5066941877286496,0.5066941877286496
95,3,6,0.25438535914695776,0.25209917395490794
97,6,6,0.4931148696618475,0.4931148696618475
100,5,5,0.7493507419327263,0.7493507419327263
101,1,1,0.47279929996997916,0.47279929996997916
104,2,2,0.4052378013554057,0.4052378013554057
117,1,1,0.44975676081570426,0.44975676081570426
119,4,4,0.5705001374270439,0.5705001374270439
125,7,7,0.4292838644818988,0.4292838644818988
130,7,7,0.8731654234762208,0.8731654234762208
131,2,2,0.4367545709111746,0.4367545709111746
133,1,1,0.5999015845792145,0.5999015845792145
142,2,2,0.4632556272547183,0.4632556272547183
145,2,2,0.3817240930090393,0.3817240930090393
151,3,3,0.2769173155253084,0.2769173155253084
153,5,5,0.5124075801875151,0.5124075801875151
154,2,5,0.315394030014711,0.2575941445438765
163,2,2,0.6651870527428614,0.6651870527428614
165,7,7,0.4555591159996725,0.4555591159996725
166,1,1,0.4269117076968282,0.4269117076968282
169,5,5,0.3494866819107812,0.3494866819107812
183,2,6,0.3169876351743229,0.11360845977287531
186,1,1,0.5763281138269257,0.5763281138269257
191,7,7,0.8222596685983703,0.8222596685983703
196,1,1,0.6558551225546815,0.6558551225546815
206,1,1,0.5926447217006656,0.5926447217006656
212,4,1,0.19875938897666018,0.1612920716677129
216,7,7,0.8212114332248786,0.8212114332248786
218,4,4,0.27885043128217224,0.27885043128217224
224,3,3,0.6377337240635231,0.6377337240635231
226,3,3,0.39337669700450567,0.39337669700450567
227,2,2,0.6055033308590706,0.6055033308590706
234,5,5,0.6425410629284091,0.6425410629284091
244,2,2,0.4827888108894219,0.4827888108894219
252,2,4,0.31524413670608,0.07247315540807621
256,3,3,0.6291296316355334,0.6291296316355334
259,7,7,0.8377291227467337,0.8377291227467337
262,2,1,0.49824674631931404,0.11763241943033408
264,1,1,0.5256305595860516,0.5256305595860516
272,3,3,0.5464105147460571,0.5464105147460571
279,3,3,0.6380513859283182,0.6380513859283182
285,6,6,0.32453371856733776,0.32453371856733776
286,3,3,0.4556906701884,0.4556906701884
292,1,1,0.7070660904480293,0.7070660904480293
295,7,7,0.5975253768883988,0.5975253768883988
298,3,3,0.5050405567033108,0.5050405567033108
299,2,2,0.6739482071576204,0.6739482071576204
305,4,4,0.6948835586955248,0.6948835586955248
309,3,2,0.3145343814886971,0.2819203126931549
316,7,7,0.3206368010069074,0.3206368010069074
323,3,3,0.6218390282822903,0.6218390282822903
324,1,1,0.6648593290743647,0.6648593290743647
326,2,2,0.5987175542759463,0.5987175542759463
334,3,3,0.41064978159058485,0.41064978159058485
337,1,1,0.5484032979193337,0.5484032979193337
338,4,4,0.2962568482293975,0.2962568482293975
343,4,4,0.7805227847541871,0.7805227847541871
345,6,6,0.35592718310497,0.35592718310497
351,1,4,0.3402831992402239,0.21941046400831282
355,1,3,0.26166521595905634,0.1059379928825446
359,3,3,0.4280544661168359,0.4280544661168359
361,4,4,0.3264163902428489,0.3264163902428489
365,3,6,0.368948075190219,0.19827541448232108
367,1,1,0.43875012676527964,0.43875012676527964
368,3,3,0.4234245390950153,0.4234245390950153
372,1,1,0.3732776695113239,0.3732776695113239
378,7,7,0.6204202438724521,0.6204202438724521
380,5,5,0.2910641805035845,0.2910641805035845
382,1,1,0.5372948718407953,0.5372948718407953
384,2,2,0.22132803344838367,0.22132803344838367
389,7,7,0.7369122767705714,0.7369122767705714
392,7,7,0.7016667202555795,0.7016667202555795
393,7,7,0.4985233821779765,0.4985233821779765
401,1,1,0.7083047745227923,0.7083047745227923
410,3,3,0.5847940797059609,0.5847940797059609
411,2,2,0.4927366669509284,0.4927366669509284
421,5,5,0.46182955564236833,0.46182955564236833
432,1,1,0.39154800691567854,0.39154800691567854
436,1,1,0.5171960743006663,0.5171960743006663
437,6,6,0.5595818176868191,0.5595818176868191
439,1,1,0.5511957215587477,0.5511957215587477
444,1,1,0.7449049286164238,0.7449049286164238
448,3,6,0.38781765936785256,0.32301071832945544
450,2,2,0.581372039421926,0.581372039421926
462,4,7,0.35907752050212566,0.1844608927578557
463,1,1,0.6323767393805562,0.6323767393805562
464,3,3,0.32304914949833397,0.32304914949833397
476,1,1,0.3321396622790891,0.3321396622790891
479,1,1,0.6965416088823091,0.6965416088823091
480,7,7,0.5879073774147089,0.5879073774147089
484,4,4,0.6164203716611167,0.6164203716611167
490,3,3,0.5651103598347618,0.5651103598347618
494,5,5,0.32325733638142595,0.32325733638142595
495,1,4,0.2866115780507167,0.27264318622935674
497,1,1,0.5495222332341059,0.5495222332341059
504,5,5,0.681072082494039,0.681072082494039
510,6,6,0.4257123347235007,0.4257123347235007
512,5,5,0.585897632607351,0.585897632607351
514,5,5,0.3164698697092181,0.3164698697092181
521,1,1,0.37536944268425027,0.37536944268425027
536,3,3,0.3478618701774989,0.3478618701774989
551,4,4,0.7105202372104689,0.7105202372104689
555,5,5,0.29779920646600755,0.29779920646600755
559,5,5,0.6017314484227002,0.6017314484227002
566,3,3,0.573139352032036,0.573139352032036
571,7,7,0.6243160491020509,0.6243160491020509
574,7,7,0.8057647631201177,0.8057647631201177
583,7,2,0.4556852546469852,0.2844533658998223
589,4,4,0.7931179352763964,0.7931179352763964
592,1,1,0.403089981419067,0.403089981419067
593,2,2,0.4987088419121138,0.4987088419121138
595,6,1,0.4677989482452243,0.1447900485098922
599,5,5,0.46155674765720794,0.46155674765720794
600,2,2,0.22242906642798285,0.22242906642798285
621,4,4,0.7242570175812187,0.7242570175812187
628,3,3,0.7883118235558235,0.7883118235558235
642,7,7,0.6800681862713133,0.6800681862713133
645,4,4,0.7189625718143994,0.7189625718143994
653,4,4,0.5828005751811862,0.5828005751811862
663,5,1,0.31985599131876924,0.23760403360748364
664,2,2,0.6180247443046936,0.6180247443046936
672,2,2,0.3418687984953579,0.3418687984953579
677,1,1,0.7289432962580052,0.7289432962580052
683,2,2,0.4546337774640555,0.4546337774640555
695,1,1,0.5966762547819385,0.5966762547819385
700,4,4,0.46199605365954877,0.46199605365954877
728,7,7,0.6492370643436091,0.6492370643436091
733,3,3,0.6450959687224735,0.6450959687224735
745,7,7,0.4930068549985283,0.4930068549985283
746,4,4,0.7152064885762731,0.7152064885762731
755,5,5,0.699140802450121,0.699140802450121
761,5,5,0.664236641086692,0.664236641086692
767,2,2,0.572026315630869,0.572026315630869
770,6,6,0.2759884158839114,0.2759884158839114
771,4,4,0.6597514743541036,0.6597514743541036
780,3,3,0.5981260510816742,0.5981260510816742
781,1,1,0.6149930773298905,0.6149930773298905
784,1,1,0.6608169846981852,0.6608169846981852
785,1,1,0.4245762996686533,0.4245762996686533
789,1,1,0.44674648513708,0.44674648513708
793,3,1,0.4022794329104673,0.06824888398266137
800,2,2,0.44644247694763667,0.44644247694763667
809,5,5,0.4174795629500506,0.4174795629500506
812,2,3,0.2666182221181242,0.18951756668935413
813,1,1,0.4665353869449219,0.4665353869449219
818,3,3,0.6012010387268026,0.6012010387268026
822,4,4,0.583469500362219,0.583469500362219
831,2,1,0.6239597183615307,0.11651316651075953
842,7,7,0.6770917898066612,0.6770917898066612
849,2,1,0.6425167827071542,0.14129418408903532
854,7,2,0.39943532364446027,0.24805724054131445
855,3,3,0.4510104982640217,0.4510104982640217
860,5,5,0.5756064180743456,0.5756064180743456
862,3,3,0.762088513643903,0.762088513643903
867,3,3,0.6141781078356989,0.6141781078356989
868,6,6,0.6864102096954526,0.6864102096954526
870,3,3,0.3607250498356824,0.3607250498356824
874,4,4,0.6010285143342394,0.6010285143342394
875,6,6,0.6985633911690893,0.6985633911690893
876,1,1,0.6461257430976808,0.6461257430976808
878,1,1,0.6109308408769822,0.6109308408769822
882,4,4,0.38964661201582185,0.38964661201582185
883,1,1,0.5693721270547041,0.5693721270547041
887,6,6,0.29678567306825626,0.29678567306825626
890,7,7,0.658420287487761,0.658420287487761
896,3,3,0.5880445870099734,0.5880445870099734
909,6,6,0.44922245257402504,0.44922245257402504
915,2,2,0.3870306843177556,0.3870306843177556
926,6,6,0.3922159772159869,0.3922159772159869
929,4,4,0.616104916720696,0.616104916720696
930,5,5,0.4844958850617027,0.4844958850617027
935,3,3,0.5627340163211036,0.5627340163211036
949,1,1,0.7464207218660583,0.7464207218660583
954,7,7,0.6481475071647229,0.6481475071647229
958,7,7,0.8026721916966361,0.8026721916966361
959,1,1,0.39734740386555645,0.39734740386555645
960,7,7,0.4782119179847639,0.4782119179847639
963,2,1,0.48775440618726307,0.19113923431228513
967,6,6,0.49328013723025255,0.49328013723025255
972,1,1,0.5247178100155929,0.5247178100155929
974,6,6,0.5179930486335403,0.5179930486335403
975,2,5,0.2709279546074392,0.18916906446834209
977,1,1,0.31097779057192865,0.31097779057192865
990,1,1,0.5561578960475247,0.5561578960475247
991,2,2,0.5201181859469819,0.5201181859469819
997,1,1,0.7264172247957789,0.7264172247957789
999,3,3,0.5099192299893649,0.5099192299893649
1001,2,2,0.5556935414537936,0.5556935414537936
1002,5,5,0.22106948687586936,0.22106948687586936
1010,4,4,0.5359174535001933,0.5359174535001933
1012,2,2,0.4577000156367705,0.4577000156367705
1013,1,1,0.5600537734636515,0.5600537734636515
1018,5,5,0.5743332012554417,0.5743332012554417
1020,3,3,0.6118010152105919,0.6118010152105919
1022,4,4,0.4368542798978783,0.4368542798978783
1028,4,4,0.4860216154818364,0.4860216154818364
1036,4,4,0.4525576793531824,0.4525576793531824
1058,4,2,0.3167392718588054,0.14435254672304768
1062,5,5,0.476754154447937,0.476754154447937
1066,3,3,0.49157837180409963,0.49157837180409963
1074,6,6,0.34970498335512357,0.34970498335512357
1076,2,1,0.5512072668123186,0.08693700022691035
1077,2,3,0.43649816609031505,0.16435437147288573
1082,6,6,0.29093051115160673,0.29093051115160673
1085,6,3,0.32299557711406646,0.28685504495040165
1086,5,5,0.5239952864115925,0.5239952864115925
1090,2,2,0.4288813818096407,0.4288813818096407
1094,5,5,0.5893015202393274,0.5893015202393274
1097,4,4,0.21411256977523083,0.21411256977523083
1101,5,5,0.6901427395058011,0.6901427395058011
1105,3,3,0.6718500938282471,0.6718500938282471
1110,5,5,0.6333251525114943,0.6333251525114943
1119,7,7,0.5771224217413305,0.5771224217413305
1147,5,5,0.6991091011646813,0.6991091011646813
1162,1,1,0.6992457449800075,0.6992457449800075
1168,3,3,0.5283425865986145,0.5283425865986145
1169,1,1,0.344859067151652,0.344859067151652
1178,5,5,0.6753539379688811,0.6753539379688811
1181,1,1,0.44256858311502034,0.44256858311502034
1182,6,6,0.6716718778844397,0.6716718778844397
1186,6,6,0.3792482889476354,0.3792482889476354
1194,4,4,0.3999439626797833,0.3999439626797833
1198,4,3,0.38462009857193413,0.13480438166080266
1200,2,2,0.3135513773396278,0.3135513773396278
1208,2,2,0.4697447587769315,0.4697447587769315
1210,1,1,0.3897322449455977,0.3897322449455977
1211,5,5,0.6696951070008081,0.6696951070008081
1212,2,2,0.5139285159005645,0.5139285159005645
1217,5,5,0.5815731102908689,0.5815731102908689
1226,4,4,0.6403073180741236,0.6403073180741236
1248,1,1,0.6242725768715738,0.6242725768715738
1265,5,5,0.6090389894936551,0.6090389894936551
1277,6,7,0.26778379157956456,0.23999341322086876
1282,2,7,0.3757476944077213,0.3242086909712097
1286,1,1,0.49012141022347483,0.49012141022347483
1294,6,6,0.4003713191069561,0.4003713191069561
1301,2,1,0.5407146422077069,0.13112492939972328
1316,6,6,0.5420409971359711,0.5420409971359711
1318,4,4,0.5217982935095331,0.5217982935095331
1319,5,5,0.28939484355034345,0.28939484355034345
1321,1,1,0.5108844340993514,0.5108844340993514
1325,2,2,0.28274170136755794,0.28274170136755794
1333,1,1,0.710955228550281,0.710955228550281
1334,5,5,0.4995962732303236,0.4995962732303236
1337,4,4,0.47083548672523906,0.47083548672523906
1345,7,7,0.6226346700445718,0.6226346700445718
1346,5,5,0.4731381773215025,0.4731381773215025
1349,1,1,0.7508044511648162,0.7508044511648162
1358,7,7,0.740385440152156,0.740385440152156
1359,2,1,0.38670744591633893,0.09010769973984034
1362,5,5,0.4410809359552452,0.4410809359552452
1363,7,7,0.8799267164448369,0.8799267164448369
1367,1,1,0.3461709932832593,0.3461709932832593
1373,1,1,0.5041211615070866,0.5041211615070866
1374,1,6,0.3118623559657171,0.09850326895949542
1379,4,4,0.5524625592473374,0.5524625592473374
1381,5,5,0.6873443415102276,0.6873443415102276
1384,5,5,0.378092454033705,0.378092454033705
1398,3,1,0.4438132722215514,0.08312192558097038
1399,5,5,0.5884672821518646,0.5884672821518646
1403,5,5,0.4557270241705931,0.4557270241705931
1404,2,2,0.4993694929395925,0.4993694929395925
1415,6,6,0.45922504832046884,0.45922504832046884
1420,6,6,0.4782407224719168,0.4782407224719168
1422,7,7,0.814826608900493,0.814826608900493
1425,3,3,0.3238321258160297,0.3238321258160297
1436,2,2,0.29199925590413656,0.29199925590413656
1446,6,6,0.7133589168015885,0.7133589168015885
1447,5,5,0.5064407275806743,0.5064407275806743
1452,2,2,0.5637022297461985,0.5637022297461985
1457,3,2,0.37756748095137627,0.21815081909750553
1460,3,6,0.49675068831868296,0.10856348011155502
1462,1,1,0.6178175356971912,0.6178175356971912
1470,5,5,0.3268110036736995,0.3268110036736995
1474,2,2,0.47717322604154516,0.47717322604154516
1479,5,5,0.5189853616842165,0.5189853616842165
1485,1,1,0.5334171893094478,0.5334171893094478
1495,1,1,0.7849156695436659,0.7849156695436659
1499,6,6,0.5215214679159769,0.5215214679159769
1505,1,6,0.3367184162846923,0.07287762561271315
1506,7,7,0.6690988349657875,0.6690988349657875
1507,6,6,0.5762095205936593,0.5762095205936593
1508,5,5,0.6478777330810118,0.6478777330810118
1510,2,2,0.34921864149881254,0.34921864149881254
1511,3,3,0.4823724191725737,0.4823724191725737
1517,1,1,0.46273646703992377,0.46273646703992377
1524,2,2,0.46987237407698085,0.46987237407698085
1532,7,7,0.7410259885276673,0.7410259885276673
1533,4,4,0.6833124991183155,0.6833124991183155
1534,7,7,0.6486581731723945,0.6486581731723945
1535,2,2,0.5434680475221714,0.5434680475221714
1538,7,7,0.822641813470687,0.822641813470687
1540,6,6,0.42519021972629006,0.42519021972629006
1543,7,7,0.38435893347141165,0.38435893347141165
1549,2,2,0.5962069749073253,0.5962069749073253
1550,5,5,0.32656225461081,0.32656225461081
1566,1,1,0.6336789555793094,0.6336789555793094
1588,4,4,0.33103436093840133,0.33103436093840133
1589,7,7,0.8932489892591577,0.8932489892591577
1592,3,3,0.3225054038998774,0.3225054038998774
1594,3,3,0.603080488097687,0.603080488097687
1597,3,3,0.5516915930083008,0.5516915930083008
1602,4,4,0.42103315129287633,0.42103315129287633
1606,6,4,0.34071820480184456,0.21728864628674782
1607,2,2,0.5814707304639846,0.5814707304639846
1608,1,1,0.59823908242809,0.59823908242809
1610,6,6,0.372866066456379,0.372866066456379
1619,3,3,0.6164726339944074,0.6164726339944074
1624,2,2,0.33747844370255464,0.33747844370255464
1625,6,6,0.29839952775311074,0.29839952775311074
1626,6,6,0.5721117179259849,0.5721117179259849
1627,7,7,0.6129613444168588,0.6129613444168588
1629,3,3,0.6871466592516157,0.6871466592516157
1632,1,1,0.40419132116630374,0.40419132116630374
1634,1,1,0.3079664673376632,0.3079664673376632
1638,4,4,0.5128261580598302,0.5128261580598302
1640,2,1,0.5592597025302948,0.10645530902171876
1647,1,1,0.641605310495363,0.641605310495363
1648,3,1,0.3097244061316468,0.12863088075010298
1649,6,6,0.5605248753240306,0.5605248753240306
1658,3,3,0.5067490105345995,0.5067490105345995
1660,4,3,0.26957959856433905,0.15773156029971808
1667,3,3,0.47524257500066047,0.47524257500066047
1673,1,1,0.6354141405587402,0.6354141405587402
1674,2,2,0.7412456400412634,0.7412456400412634
1683,5,5,0.5829923658649254,0.5829923658649254
1688,5,5,0.5481952444834418,0.5481952444834418
1689,2,2,0.451710976905007,0.451710976905007
1691,1,1,0.5024467968610268,0.5024467968610268
1692,5,5,0.5767961439944199,0.5767961439944199
1699,7,7,0.6540283692956652,0.6540283692956652
1700,2,2,0.5027213543297574,0.5027213543297574
1710,2,2,0.38503637571407673,0.38503637571407673
1713,1,1,0.5760492732799338,0.5760492732799338
