id,True,Predicted,Confidence,TrueLabelProb,LowConfidence,SetPrediction,PossibleMislabel
1,1,1,0.6153846153846154,0.6153846153846154,False,False,False
2,7,7,0.7692307692307693,0.7692307692307693,False,False,False
5,1,1,0.7692307692307693,0.7692307692307693,False,False,False
9,1,1,0.6153846153846154,0.6153846153846154,False,False,False
13,7,7,0.6923076923076923,0.6923076923076923,False,False,False
23,2,7,0.38461538461538464,0.3076923076923077,True,True,False
24,3,3,0.6153846153846154,0.6153846153846154,False,False,False
30,7,7,0.8461538461538461,0.8461538461538461,False,False,False
31,1,1,0.23076923076923078,0.23076923076923078,True,True,False
34,5,5,0.9230769230769231,0.9230769230769231,False,False,False
40,5,5,0.6923076923076923,0.6923076923076923,False,False,False
43,1,1,0.7692307692307693,0.7692307692307693,False,False,False
46,3,3,0.5384615384615384,0.5384615384615384,False,False,False
61,3,3,0.6923076923076923,0.6923076923076923,False,False,False
69,5,5,0.46153846153846156,0.46153846153846156,True,True,False
71,7,7,0.7692307692307693,0.7692307692307693,False,False,False
73,7,7,0.6923076923076923,0.6923076923076923,False,False,False
76,1,1,0.6153846153846154,0.6153846153846154,False,False,False
84,3,3,1.0,1.0,False,False,False
90,1,1,0.38461538461538464,0.38461538461538464,True,True,False
108,6,6,0.38461538461538464,0.38461538461538464,True,True,False
111,7,7,0.7692307692307693,0.7692307692307693,False,False,False
112,3,3,0.6923076923076923,0.6923076923076923,False,False,False
113,6,6,0.38461538461538464,0.38461538461538464,True,True,False
118,1,1,0.46153846153846156,0.46153846153846156,True,True,False
121,2,2,0.3076923076923077,0.3076923076923077,True,True,False
123,1,1,0.6923076923076923,0.6923076923076923,False,False,False
134,3,5,0.5384615384615384,0.23076923076923078,False,False,False
141,4,4,0.38461538461538464,0.38461538461538464,True,True,False
144,2,2,0.5384615384615384,0.5384615384615384,False,False,False
146,1,1,0.6153846153846154,0.6153846153846154,False,False,False
155,7,7,0.9230769230769231,0.9230769230769231,False,False,False
164,1,1,0.6153846153846154,0.6153846153846154,False,False,False
176,4,4,0.3076923076923077,0.3076923076923077,True,True,False
185,4,4,0.38461538461538464,0.38461538461538464,True,True,False
187,1,1,0.7692307692307693,0.7692307692307693,False,False,False
189,2,2,0.38461538461538464,0.38461538461538464,True,True,False
198,3,3,0.46153846153846156,0.46153846153846156,True,True,False
201,5,5,0.6923076923076923,0.6923076923076923,False,False,False
204,6,6,0.5384615384615384,0.5384615384615384,False,False,False
205,5,5,0.5384615384615384,0.5384615384615384,False,False,False
214,2,2,0.7692307692307693,0.7692307692307693,False,False,False
220,1,1,0.5384615384615384,0.5384615384615384,False,False,False
228,3,6,0.38461538461538464,0.3076923076923077,True,True,False
229,1,1,0.5384615384615384,0.5384615384615384,False,False,False
231,5,5,0.6923076923076923,0.6923076923076923,False,False,False
236,3,2,0.46153846153846156,0.3076923076923077,True,True,False
245,5,5,0.6153846153846154,0.6153846153846154,False,False,False
246,1,5,0.3076923076923077,0.15384615384615385,True,True,True
247,6,6,0.46153846153846156,0.46153846153846156,True,True,False
249,2,1,0.5384615384615384,0.23076923076923078,False,False,False
251,5,5,0.9230769230769231,0.9230769230769231,False,False,False
254,6,6,0.6153846153846154,0.6153846153846154,False,False,False
265,4,4,0.6923076923076923,0.6923076923076923,False,False,False
268,2,2,0.38461538461538464,0.38461538461538464,True,True,False
269,3,3,0.8461538461538461,0.8461538461538461,False,False,False
275,1,6,0.38461538461538464,0.07692307692307693,True,True,True
278,7,7,0.7692307692307693,0.7692307692307693,False,False,False
283,4,6,0.46153846153846156,0.07692307692307693,True,True,True
290,7,7,0.9230769230769231,0.9230769230769231,False,False,False
293,6,6,0.5384615384615384,0.5384615384615384,False,False,False
304,7,7,0.9230769230769231,0.9230769230769231,False,False,False
312,7,7,0.8461538461538461,0.8461538461538461,False,False,False
313,3,3,0.5384615384615384,0.5384615384615384,False,False,False
314,6,6,0.3076923076923077,0.3076923076923077,True,True,False
317,2,7,0.46153846153846156,0.38461538461538464,True,True,False
320,1,1,0.6153846153846154,0.6153846153846154,False,False,False
325,6,6,0.38461538461538464,0.38461538461538464,True,True,False
328,2,2,0.6153846153846154,0.6153846153846154,False,False,False
331,3,3,0.5384615384615384,0.5384615384615384,False,False,False
333,3,7,0.38461538461538464,0.3076923076923077,True,True,False
342,7,7,0.5384615384615384,0.5384615384615384,False,False,False
354,7,2,0.38461538461538464,0.15384615384615385,True,True,True
360,6,6,0.6923076923076923,0.6923076923076923,False,False,False
369,3,3,0.46153846153846156,0.46153846153846156,True,True,False
370,7,7,0.7692307692307693,0.7692307692307693,False,False,False
383,1,1,0.6153846153846154,0.6153846153846154,False,False,False
388,5,5,0.7692307692307693,0.7692307692307693,False,False,False
399,1,1,0.3076923076923077,0.3076923076923077,True,True,False
403,1,6,0.46153846153846156,0.07692307692307693,True,True,True
404,7,7,1.0,1.0,False,False,False
405,4,4,0.3076923076923077,0.3076923076923077,True,True,False
409,2,1,0.8461538461538461,0.0,False,False,True
413,5,5,0.5384615384615384,0.5384615384615384,False,False,False
424,6,6,0.6923076923076923,0.6923076923076923,False,False,False
430,6,6,0.7692307692307693,0.7692307692307693,False,False,False
434,2,2,0.6153846153846154,0.6153846153846154,False,False,False
440,3,3,0.5384615384615384,0.5384615384615384,False,False,False
452,1,1,0.8461538461538461,0.8461538461538461,False,False,False
453,2,6,0.38461538461538464,0.15384615384615385,True,True,True
454,2,2,0.46153846153846156,0.46153846153846156,True,True,False
455,7,7,0.9230769230769231,0.9230769230769231,False,False,False
456,5,5,0.6923076923076923,0.6923076923076923,False,False,False
459,5,5,0.7692307692307693,0.7692307692307693,False,False,False
468,4,4,0.5384615384615384,0.5384615384615384,False,False,False
470,1,1,0.46153846153846156,0.46153846153846156,True,True,False
473,1,2,0.38461538461538464,0.3076923076923077,True,True,False
477,5,5,0.9230769230769231,0.9230769230769231,False,False,False
493,5,5,0.7692307692307693,0.7692307692307693,False,False,False
496,2,2,0.46153846153846156,0.46153846153846156,True,True,False
503,3,3,0.5384615384615384,0.5384615384615384,False,False,False
508,1,1,0.6923076923076923,0.6923076923076923,False,False,False
509,4,2,0.3076923076923077,0.15384615384615385,True,True,True
513,6,6,0.3076923076923077,0.3076923076923077,True,True,False
517,2,2,0.6923076923076923,0.6923076923076923,False,False,False
519,4,4,0.6153846153846154,0.6153846153846154,False,False,False
527,3,3,0.6923076923076923,0.6923076923076923,False,False,False
528,5,5,0.5384615384615384,0.5384615384615384,False,False,False
537,4,4,0.38461538461538464,0.38461538461538464,True,True,False
540,2,2,0.5384615384615384,0.5384615384615384,False,False,False
544,1,1,0.6923076923076923,0.6923076923076923,False,False,False
545,7,7,1.0,1.0,False,False,False
547,3,3,0.6923076923076923,0.6923076923076923,False,False,False
550,5,5,0.6153846153846154,0.6153846153846154,False,False,False
552,2,5,0.38461538461538464,0.23076923076923078,True,True,False
560,3,3,0.3076923076923077,0.3076923076923077,True,True,False
561,5,5,0.8461538461538461,0.8461538461538461,False,False,False
562,1,1,0.6923076923076923,0.6923076923076923,False,False,False
563,1,1,0.6153846153846154,0.6153846153846154,False,False,False
569,6,6,0.5384615384615384,0.5384615384615384,False,False,False
591,5,5,0.6923076923076923,0.6923076923076923,False,False,False
596,3,3,0.8461538461538461,0.8461538461538461,False,False,False
603,4,4,0.5384615384615384,0.5384615384615384,False,False,False
605,1,1,0.9230769230769231,0.9230769230769231,False,False,False
607,3,3,0.5384615384615384,0.5384615384615384,False,False,False
611,5,5,0.6923076923076923,0.6923076923076923,False,False,False
612,6,7,0.46153846153846156,0.38461538461538464,True,True,False
615,5,5,0.6923076923076923,0.6923076923076923,False,False,False
616,1,1,0.8461538461538461,0.8461538461538461,False,False,False
619,1,1,0.7692307692307693,0.7692307692307693,False,False,False
622,7,7,0.46153846153846156,0.46153846153846156,True,True,False
633,7,7,0.5384615384615384,0.5384615384615384,False,False,False
635,2,2,0.5384615384615384,0.5384615384615384,False,False,False
636,4,4,0.9230769230769231,0.9230769230769231,False,False,False
640,5,5,0.6923076923076923,0.6923076923076923,False,False,False
657,7,7,0.5384615384615384,0.5384615384615384,False,False,False
659,6,5,0.3076923076923077,0.3076923076923077,True,True,False
662,4,4,0.6153846153846154,0.6153846153846154,False,False,False
669,1,1,0.7692307692307693,0.7692307692307693,False,False,False
671,5,5,0.7692307692307693,0.7692307692307693,False,False,False
674,4,4,0.6923076923076923,0.6923076923076923,False,False,False
678,4,4,0.6153846153846154,0.6153846153846154,False,False,False
681,5,5,0.8461538461538461,0.8461538461538461,False,False,False
685,7,7,0.5384615384615384,0.5384615384615384,False,False,False
688,6,6,1.0,1.0,False,False,False
698,7,7,0.8461538461538461,0.8461538461538461,False,False,False
701,6,5,0.3076923076923077,0.3076923076923077,True,True,False
703,1,1,0.6923076923076923,0.6923076923076923,False,False,False
704,1,1,0.5384615384615384,0.5384615384615384,False,False,False
708,5,1,0.5384615384615384,0.3076923076923077,False,False,False
709,1,1,0.7692307692307693,0.7692307692307693,False,False,False
713,2,1,0.6923076923076923,0.3076923076923077,False,False,False
715,6,6,0.7692307692307693,0.7692307692307693,False,False,False
716,2,2,0.3076923076923077,0.3076923076923077,True,True,False
717,4,4,0.6153846153846154,0.6153846153846154,False,False,False
723,1,1,0.8461538461538461,0.8461538461538461,False,False,False
730,4,4,0.6153846153846154,0.6153846153846154,False,False,False
738,2,2,0.6153846153846154,0.6153846153846154,False,False,False
739,2,2,0.38461538461538464,0.38461538461538464,True,True,False
748,3,3,0.38461538461538464,0.38461538461538464,True,True,False
756,2,6,0.46153846153846156,0.15384615384615385,True,True,True
760,5,5,0.7692307692307693,0.7692307692307693,False,False,False
776,7,7,0.9230769230769231,0.9230769230769231,False,False,False
786,5,1,0.46153846153846156,0.15384615384615385,True,True,True
795,4,4,0.6923076923076923,0.6923076923076923,False,False,False
796,7,7,1.0,1.0,False,False,False
799,7,7,0.6923076923076923,0.6923076923076923,False,False,False
804,2,2,0.38461538461538464,0.38461538461538464,True,True,False
805,4,4,0.5384615384615384,0.5384615384615384,False,False,False
815,4,4,0.38461538461538464,0.38461538461538464,True,True,False
819,3,3,0.6153846153846154,0.6153846153846154,False,False,False
828,2,2,0.6153846153846154,0.6153846153846154,False,False,False
840,1,1,0.46153846153846156,0.46153846153846156,True,True,False
847,1,1,0.6153846153846154,0.6153846153846154,False,False,False
850,3,3,0.46153846153846156,0.46153846153846156,True,True,False
859,2,2,0.6153846153846154,0.6153846153846154,False,False,False
865,5,6,0.46153846153846156,0.15384615384615385,True,True,True
879,4,4,0.5384615384615384,0.5384615384615384,False,False,False
894,4,4,0.7692307692307693,0.7692307692307693,False,False,False
897,4,1,0.3076923076923077,0.07692307692307693,True,True,True
905,2,2,0.46153846153846156,0.46153846153846156,True,True,False
906,5,5,0.46153846153846156,0.46153846153846156,True,True,False
917,1,1,0.8461538461538461,0.8461538461538461,False,False,False
923,3,3,0.6923076923076923,0.6923076923076923,False,False,False
932,7,7,0.38461538461538464,0.38461538461538464,True,True,False
934,6,5,0.3076923076923077,0.3076923076923077,True,True,False
937,3,3,0.8461538461538461,0.8461538461538461,False,False,False
938,4,4,0.7692307692307693,0.7692307692307693,False,False,False
950,6,6,0.6923076923076923,0.6923076923076923,False,False,False
952,5,5,0.6923076923076923,0.6923076923076923,False,False,False
956,4,5,0.38461538461538464,0.23076923076923078,True,True,False
964,4,4,0.5384615384615384,0.5384615384615384,False,False,False
965,1,1,0.6153846153846154,0.6153846153846154,False,False,False
980,7,6,0.3076923076923077,0.3076923076923077,True,True,False
981,3,7,0.3076923076923077,0.23076923076923078,True,True,False
984,2,2,0.46153846153846156,0.46153846153846156,True,True,False
992,4,4,0.7692307692307693,0.7692307692307693,False,False,False
995,1,1,0.38461538461538464,0.38461538461538464,True,True,False
996,2,2,0.3076923076923077,0.3076923076923077,True,True,False
1005,5,5,0.8461538461538461,0.8461538461538461,False,False,False
1008,2,3,0.38461538461538464,0.3076923076923077,True,True,False
1009,2,1,0.3076923076923077,0.15384615384615385,True,True,True
1011,1,1,0.6153846153846154,0.6153846153846154,False,False,False
1015,6,4,0.3076923076923077,0.3076923076923077,True,True,False
1017,4,4,0.6153846153846154,0.6153846153846154,False,False,False
1024,2,1,0.6153846153846154,0.15384615384615385,False,False,True
1025,1,1,0.5384615384615384,0.5384615384615384,False,False,False
1026,3,3,0.7692307692307693,0.7692307692307693,False,False,False
1031,6,6,0.6153846153846154,0.6153846153846154,False,False,False
1034,5,5,0.6923076923076923,0.6923076923076923,False,False,False
1037,3,3,0.38461538461538464,0.38461538461538464,True,True,False
1038,6,4,0.46153846153846156,0.23076923076923078,True,True,False
1040,3,7,0.38461538461538464,0.0,True,True,True
1045,5,5,0.7692307692307693,0.7692307692307693,False,False,False
1046,1,5,0.38461538461538464,0.15384615384615385,True,True,True
1048,2,2,0.3076923076923077,0.3076923076923077,True,True,False
1049,1,1,0.6923076923076923,0.6923076923076923,False,False,False
1052,1,1,0.6153846153846154,0.6153846153846154,False,False,False
1053,4,4,0.9230769230769231,0.9230769230769231,False,False,False
1055,3,3,0.6923076923076923,0.6923076923076923,False,False,False
1059,2,2,0.46153846153846156,0.46153846153846156,True,True,False
1063,7,7,0.6923076923076923,0.6923076923076923,False,False,False
1080,2,2,0.5384615384615384,0.5384615384615384,False,False,False
1081,2,1,0.9230769230769231,0.0,False,False,True
1106,1,1,1.0,1.0,False,False,False
1113,3,3,0.38461538461538464,0.38461538461538464,True,True,False
1117,3,2,0.46153846153846156,0.23076923076923078,True,True,False
1124,3,7,0.46153846153846156,0.0,True,True,True
1125,3,6,0.38461538461538464,0.3076923076923077,True,True,False
1129,3,5,0.38461538461538464,0.07692307692307693,True,True,True
1130,3,3,0.3076923076923077,0.3076923076923077,True,True,False
1131,5,5,0.6153846153846154,0.6153846153846154,False,False,False
1137,4,4,1.0,1.0,False,False,False
1139,1,1,0.6153846153846154,0.6153846153846154,False,False,False
1145,7,7,0.46153846153846156,0.46153846153846156,True,True,False
1153,2,2,1.0,1.0,False,False,False
1156,1,1,0.7692307692307693,0.7692307692307693,False,False,False
1157,2,2,0.3076923076923077,0.3076923076923077,True,True,False
1165,5,5,0.5384615384615384,0.5384615384615384,False,False,False
1171,1,1,0.46153846153846156,0.46153846153846156,True,True,False
1172,5,5,0.5384615384615384,0.5384615384615384,False,False,False
1176,1,1,0.5384615384615384,0.5384615384615384,False,False,False
1179,3,7,0.5384615384615384,0.15384615384615385,False,False,True
1201,5,3,0.23076923076923078,0.15384615384615385,True,True,True
1205,2,7,0.5384615384615384,0.3076923076923077,False,False,False
1206,5,5,0.6153846153846154,0.6153846153846154,False,False,False
1214,3,3,0.5384615384615384,0.5384615384615384,False,False,False
1220,6,6,0.46153846153846156,0.46153846153846156,True,True,False
1227,6,7,0.5384615384615384,0.38461538461538464,False,False,False
1230,1,1,0.46153846153846156,0.46153846153846156,True,True,False
1232,1,1,0.6923076923076923,0.6923076923076923,False,False,False
1236,1,1,1.0,1.0,False,False,False
1242,7,7,1.0,1.0,False,False,False
1244,2,2,0.23076923076923078,0.23076923076923078,True,True,False
1247,7,7,0.9230769230769231,0.9230769230769231,False,False,False
1249,4,4,0.38461538461538464,0.38461538461538464,True,True,False
1254,1,1,0.6153846153846154,0.6153846153846154,False,False,False
1258,3,3,0.8461538461538461,0.8461538461538461,False,False,False
1261,2,2,0.5384615384615384,0.5384615384615384,False,False,False
1264,3,5,0.46153846153846156,0.07692307692307693,True,True,True
1269,2,1,0.38461538461538464,0.07692307692307693,True,True,True
1276,3,5,0.3076923076923077,0.15384615384615385,True,True,True
1279,2,2,0.8461538461538461,0.8461538461538461,False,False,False
1283,2,6,0.46153846153846156,0.07692307692307693,True,True,True
1284,6,6,0.6923076923076923,0.6923076923076923,False,False,False
1285,4,4,1.0,1.0,False,False,False
1290,6,1,0.46153846153846156,0.3076923076923077,True,True,False
1291,1,6,0.3076923076923077,0.15384615384615385,True,True,True
1302,1,1,1.0,1.0,False,False,False
1303,2,2,0.6153846153846154,0.6153846153846154,False,False,False
1304,7,7,0.7692307692307693,0.7692307692307693,False,False,False
1306,1,1,0.46153846153846156,0.46153846153846156,True,True,False
1307,5,5,0.6923076923076923,0.6923076923076923,False,False,False
1308,1,1,0.6923076923076923,0.6923076923076923,False,False,False
1310,3,3,1.0,1.0,False,False,False
1317,1,1,0.6923076923076923,0.6923076923076923,False,False,False
1320,2,5,0.6923076923076923,0.15384615384615385,False,False,True
1329,6,6,0.9230769230769231,0.9230769230769231,False,False,False
1330,2,2,0.46153846153846156,0.46153846153846156,True,True,False
1336,6,6,0.5384615384615384,0.5384615384615384,False,False,False
1339,5,5,0.9230769230769231,0.9230769230769231,False,False,False
1341,3,3,0.38461538461538464,0.38461538461538464,True,True,False
1347,6,6,0.6153846153846154,0.6153846153846154,False,False,False
1348,3,6,0.46153846153846156,0.15384615384615385,True,True,True
1357,2,1,0.46153846153846156,0.0,True,True,True
1360,7,7,0.5384615384615384,0.5384615384615384,False,False,False
1361,3,3,0.6153846153846154,0.6153846153846154,False,False,False
1369,3,3,0.7692307692307693,0.7692307692307693,False,False,False
1370,4,4,0.46153846153846156,0.46153846153846156,True,True,False
1378,4,2,0.3076923076923077,0.3076923076923077,True,True,False
1382,2,2,0.38461538461538464,0.38461538461538464,True,True,False
1387,2,2,0.6153846153846154,0.6153846153846154,False,False,False
1392,1,5,0.38461538461538464,0.15384615384615385,True,True,True
1418,7,7,1.0,1.0,False,False,False
1421,1,1,0.8461538461538461,0.8461538461538461,False,False,False
1424,1,2,0.46153846153846156,0.15384615384615385,True,True,True
1427,1,1,0.6923076923076923,0.6923076923076923,False,False,False
1431,3,3,0.46153846153846156,0.46153846153846156,True,True,False
1434,4,4,0.7692307692307693,0.7692307692307693,False,False,False
1438,1,1,0.7692307692307693,0.7692307692307693,False,False,False
1444,1,1,0.23076923076923078,0.23076923076923078,True,True,False
1449,2,7,0.6153846153846154,0.3076923076923077,False,False,False
1459,1,1,0.5384615384615384,0.5384615384615384,False,False,False
1465,4,4,0.38461538461538464,0.38461538461538464,True,True,False
1484,7,7,1.0,1.0,False,False,False
1486,4,4,0.46153846153846156,0.46153846153846156,True,True,False
1491,2,2,0.46153846153846156,0.46153846153846156,True,True,False
1492,7,7,0.6923076923076923,0.6923076923076923,False,False,False
1500,5,1,0.38461538461538464,0.38461538461538464,True,True,False
1516,7,7,0.9230769230769231,0.9230769230769231,False,False,False
1523,1,1,0.23076923076923078,0.23076923076923078,True,True,False
1527,3,3,0.38461538461538464,0.38461538461538464,True,True,False
1531,1,6,0.46153846153846156,0.38461538461538464,True,True,False
1537,2,2,0.3076923076923077,0.3076923076923077,True,True,False
1544,3,3,0.6153846153846154,0.6153846153846154,False,False,False
1559,5,5,0.6153846153846154,0.6153846153846154,False,False,False
1560,3,6,0.5384615384615384,0.15384615384615385,False,False,True
1562,2,2,0.38461538461538464,0.38461538461538464,True,True,False
1563,2,5,0.3076923076923077,0.23076923076923078,True,True,False
1575,1,6,0.3076923076923077,0.15384615384615385,True,True,True
1576,6,6,0.8461538461538461,0.8461538461538461,False,False,False
1578,1,1,0.3076923076923077,0.3076923076923077,True,True,False
1585,6,6,0.8461538461538461,0.8461538461538461,False,False,False
1587,2,1,0.7692307692307693,0.15384615384615385,False,False,True
1604,1,1,0.6153846153846154,0.6153846153846154,False,False,False
1605,3,6,0.38461538461538464,0.15384615384615385,True,True,True
1613,5,1,0.23076923076923078,0.23076923076923078,True,True,False
1614,2,2,0.5384615384615384,0.5384615384615384,False,False,False
1628,7,7,0.8461538461538461,0.8461538461538461,False,False,False
1630,6,6,0.6153846153846154,0.6153846153846154,False,False,False
1635,4,4,0.5384615384615384,0.5384615384615384,False,False,False
1656,6,6,0.6153846153846154,0.6153846153846154,False,False,False
1662,4,4,0.6153846153846154,0.6153846153846154,False,False,False
1669,5,5,0.6923076923076923,0.6923076923076923,False,False,False
1676,3,3,0.38461538461538464,0.38461538461538464,True,True,False
1684,7,7,0.6923076923076923,0.6923076923076923,False,False,False
1695,7,7,0.5384615384615384,0.5384615384615384,False,False,False
1696,5,5,0.7692307692307693,0.7692307692307693,False,False,False
1701,1,2,0.3076923076923077,0.23076923076923078,True,True,False
1705,1,1,0.5384615384615384,0.5384615384615384,False,False,False
1708,5,5,0.6153846153846154,0.6153846153846154,False,False,False
1709,7,7,1.0,1.0,False,False,False
1712,5,5,0.6923076923076923,0.6923076923076923,False,False,False
4,2,1,0.7,0.1,False,False,True
10,2,2,0.9,0.9,False,False,False
12,1,1,0.8,0.8,False,False,False
16,3,5,0.6,0.1,False,False,True
17,3,3,0.6,0.6,False,False,False
22,1,1,0.8,0.8,False,False,False
26,1,4,0.3,0.1,True,True,True
29,4,4,0.6,0.6,False,False,False
32,3,1,0.5,0.1,False,False,True
37,5,5,0.7,0.7,False,False,False
45,1,1,0.8,0.8,False,False,False
47,2,2,0.5,0.5,False,False,False
52,4,4,0.7,0.7,False,False,False
55,5,5,0.5,0.5,False,False,False
58,3,1,0.6,0.1,False,False,True
66,3,6,0.4,0.3,True,True,False
68,1,1,0.9,0.9,False,False,False
74,3,3,0.5,0.5,False,False,False
77,7,6,0.6,0.2,False,False,False
78,2,1,0.3,0.0,True,True,True
81,3,3,0.4,0.4,True,True,False
82,3,3,0.7,0.7,False,False,False
93,3,5,0.5,0.1,False,False,True
102,7,7,0.8,0.8,False,False,False
106,3,3,0.7,0.7,False,False,False
120,1,1,0.6,0.6,False,False,False
122,4,4,0.5,0.5,False,False,False
137,5,5,0.6,0.6,False,False,False
138,1,1,0.7,0.7,False,False,False
147,2,5,0.4,0.2,True,True,False
152,2,2,0.3,0.3,True,True,False
157,4,6,0.5,0.2,False,False,False
159,6,6,0.4,0.4,True,True,False
161,6,6,0.6,0.6,False,False,False
171,7,7,0.8,0.8,False,False,False
174,3,3,0.8,0.8,False,False,False
180,7,7,0.5,0.5,False,False,False
181,7,7,0.9,0.9,False,False,False
182,2,2,0.3,0.3,True,True,False
184,4,5,0.4,0.2,True,True,False
188,6,6,0.4,0.4,True,True,False
192,4,1,0.5,0.4,False,False,False
193,6,6,0.9,0.9,False,False,False
200,1,1,0.9,0.9,False,False,False
203,2,1,0.9,0.1,False,False,True
207,4,4,0.7,0.7,False,False,False
209,3,3,0.8,0.8,False,False,False
211,1,1,0.7,0.7,False,False,False
215,2,2,0.6,0.6,False,False,False
225,3,1,0.3,0.2,True,True,False
230,6,6,0.5,0.5,False,False,False
232,4,5,0.5,0.3,False,False,False
238,7,7,0.9,0.9,False,False,False
241,2,2,0.8,0.8,False,False,False
242,3,1,0.3,0.3,True,True,False
257,5,5,0.5,0.5,False,False,False
258,6,6,0.7,0.7,False,False,False
270,6,5,0.4,0.3,True,True,False
271,1,1,0.9,0.9,False,False,False
281,1,1,1.0,1.0,False,False,False
282,6,6,0.6,0.6,False,False,False
284,7,7,0.9,0.9,False,False,False
291,2,2,0.7,0.7,False,False,False
301,3,3,0.6,0.6,False,False,False
306,3,3,0.5,0.5,False,False,False
308,2,2,0.4,0.4,True,True,False
310,1,5,0.4,0.2,True,True,False
311,5,3,0.4,0.2,True,True,False
327,1,1,0.8,0.8,False,False,False
335,1,1,0.7,0.7,False,False,False
341,7,7,0.6,0.6,False,False,False
344,1,1,0.9,0.9,False,False,False
346,1,1,0.8,0.8,False,False,False
352,2,7,0.4,0.2,True,True,False
358,5,5,0.6,0.6,False,False,False
362,6,6,0.9,0.9,False,False,False
366,5,5,0.8,0.8,False,False,False
374,1,1,0.9,0.9,False,False,False
375,5,5,0.4,0.4,True,True,False
377,1,1,0.5,0.5,False,False,False
386,2,6,0.3,0.1,True,True,True
387,3,3,0.5,0.5,False,False,False
394,2,2,0.5,0.5,False,False,False
400,5,5,0.8,0.8,False,False,False
407,4,1,0.7,0.0,False,False,True
414,1,1,0.8,0.8,False,False,False
416,7,7,0.7,0.7,False,False,False
417,7,7,0.4,0.4,True,True,False
418,7,6,0.4,0.4,True,True,False
420,3,7,0.5,0.1,False,False,True
425,1,1,1.0,1.0,False,False,False
431,5,5,0.7,0.7,False,False,False
433,6,2,0.4,0.4,True,True,False
442,7,4,0.5,0.1,False,False,True
447,1,1,0.4,0.4,True,True,False
457,5,5,0.7,0.7,False,False,False
460,3,5,0.6,0.3,False,False,False
466,1,1,0.9,0.9,False,False,False
469,1,6,0.5,0.4,False,False,False
485,1,1,0.6,0.6,False,False,False
491,6,1,0.5,0.2,False,False,False
492,2,1,0.8,0.1,False,False,True
511,3,6,0.5,0.2,False,False,False
531,7,7,0.8,0.8,False,False,False
532,7,7,0.9,0.9,False,False,False
535,6,6,0.5,0.5,False,False,False
541,1,1,0.8,0.8,False,False,False
549,1,1,0.8,0.8,False,False,False
556,7,7,0.5,0.5,False,False,False
558,1,1,0.6,0.6,False,False,False
564,5,5,0.6,0.6,False,False,False
573,2,7,0.5,0.4,False,False,False
578,4,4,0.8,0.8,False,False,False
579,7,7,0.8,0.8,False,False,False
581,4,4,1.0,1.0,False,False,False
594,7,7,0.5,0.5,False,False,False
598,3,3,0.7,0.7,False,False,False
601,3,3,0.5,0.5,False,False,False
604,2,2,0.4,0.4,True,True,False
606,5,5,0.8,0.8,False,False,False
609,1,1,0.3,0.3,True,True,False
613,1,1,0.3,0.3,True,True,False
614,2,2,0.7,0.7,False,False,False
624,1,1,0.6,0.6,False,False,False
625,7,7,0.7,0.7,False,False,False
630,3,6,0.7,0.0,False,False,True
631,1,5,0.4,0.3,True,True,False
637,3,3,1.0,1.0,False,False,False
644,4,4,0.6,0.6,False,False,False
652,2,2,1.0,1.0,False,False,False
655,2,2,0.5,0.5,False,False,False
660,2,2,0.7,0.7,False,False,False
668,1,5,0.4,0.1,True,True,True
673,3,3,0.9,0.9,False,False,False
675,2,2,0.5,0.5,False,False,False
676,4,4,0.9,0.9,False,False,False
680,1,1,1.0,1.0,False,False,False
682,7,7,0.8,0.8,False,False,False
689,5,5,0.8,0.8,False,False,False
690,1,1,0.9,0.9,False,False,False
696,1,1,0.8,0.8,False,False,False
702,4,4,0.9,0.9,False,False,False
714,3,6,0.9,0.1,False,False,True
718,1,1,0.7,0.7,False,False,False
721,1,6,0.4,0.3,True,True,False
726,4,4,0.7,0.7,False,False,False
734,4,4,1.0,1.0,False,False,False
737,6,6,0.5,0.5,False,False,False
747,5,5,0.9,0.9,False,False,False
750,4,6,0.4,0.3,True,True,False
751,4,4,0.5,0.5,False,False,False
752,3,3,0.7,0.7,False,False,False
759,5,5,0.4,0.4,True,True,False
762,1,1,0.9,0.9,False,False,False
764,3,3,0.7,0.7,False,False,False
765,4,4,1.0,1.0,False,False,False
766,4,4,0.5,0.5,False,False,False
774,1,1,1.0,1.0,False,False,False
775,2,6,0.6,0.0,False,False,True
797,5,5,0.6,0.6,False,False,False
802,6,3,0.5,0.2,False,False,False
826,5,5,0.5,0.5,False,False,False
827,4,5,0.4,0.3,True,True,False
832,6,6,0.6,0.6,False,False,False
835,1,1,0.9,0.9,False,False,False
838,2,2,0.9,0.9,False,False,False
844,2,2,0.6,0.6,False,False,False
851,5,5,0.9,0.9,False,False,False
857,1,1,0.7,0.7,False,False,False
872,1,1,0.8,0.8,False,False,False
877,5,5,0.7,0.7,False,False,False
881,2,1,0.8,0.1,False,False,True
885,3,3,0.5,0.5,False,False,False
895,7,7,0.7,0.7,False,False,False
899,6,6,0.8,0.8,False,False,False
903,5,5,0.8,0.8,False,False,False
907,6,1,0.5,0.2,False,False,False
912,2,1,0.7,0.3,False,False,False
918,6,6,0.3,0.3,True,True,False
919,5,5,0.7,0.7,False,False,False
921,1,1,0.9,0.9,False,False,False
924,6,4,0.6,0.1,False,False,True
925,4,5,0.5,0.4,False,False,False
933,1,1,0.6,0.6,False,False,False
940,3,3,0.3,0.3,True,True,False
941,7,7,0.9,0.9,False,False,False
945,5,5,0.4,0.4,True,True,False
951,2,2,0.8,0.8,False,False,False
953,1,1,0.9,0.9,False,False,False
955,5,1,0.5,0.0,False,False,True
957,1,1,0.7,0.7,False,False,False
961,5,5,1.0,1.0,False,False,False
966,2,5,0.6,0.2,False,False,False
970,4,4,0.4,0.4,True,True,False
971,1,1,1.0,1.0,False,False,False
973,1,1,0.9,0.9,False,False,False
982,7,7,0.7,0.7,False,False,False
983,1,1,0.8,0.8,False,False,False
987,3,3,0.5,0.5,False,False,False
993,6,6,0.7,0.7,False,False,False
994,7,7,0.9,0.9,False,False,False
1000,3,3,0.3,0.3,True,True,False
1004,6,6,0.6,0.6,False,False,False
1007,2,2,0.4,0.4,True,True,False
1016,6,6,0.7,0.7,False,False,False
1021,1,1,0.3,0.3,True,True,False
1042,3,3,0.7,0.7,False,False,False
1056,4,4,0.9,0.9,False,False,False
1057,5,5,0.7,0.7,False,False,False
1061,6,6,0.5,0.5,False,False,False
1064,1,5,0.9,0.0,False,False,True
1068,4,4,0.9,0.9,False,False,False
1070,5,5,0.8,0.8,False,False,False
1072,7,7,0.8,0.8,False,False,False
1083,3,3,0.6,0.6,False,False,False
1088,3,2,0.3,0.1,True,True,True
1095,1,1,0.8,0.8,False,False,False
1096,3,1,0.4,0.2,True,True,False
1099,4,4,0.7,0.7,False,False,False
1107,7,7,0.6,0.6,False,False,False
1109,1,1,0.7,0.7,False,False,False
1111,5,5,0.8,0.8,False,False,False
1121,3,3,0.7,0.7,False,False,False
1126,2,7,0.4,0.0,True,True,True
1133,7,7,0.6,0.6,False,False,False
1134,1,1,0.5,0.5,False,False,False
1140,1,1,0.8,0.8,False,False,False
1142,5,5,0.7,0.7,False,False,False
1148,6,1,0.4,0.1,True,True,True
1152,1,1,0.8,0.8,False,False,False
1159,3,3,0.5,0.5,False,False,False
1166,1,1,0.5,0.5,False,False,False
1173,5,5,0.6,0.6,False,False,False
1175,3,6,0.5,0.0,False,False,True
1183,4,4,0.4,0.4,True,True,False
1185,1,1,0.4,0.4,True,True,False
1188,2,2,0.5,0.5,False,False,False
1191,2,2,0.3,0.3,True,True,False
1192,4,4,0.8,0.8,False,False,False
1197,6,6,0.7,0.7,False,False,False
1203,3,3,0.4,0.4,True,True,False
1207,3,7,0.6,0.1,False,False,True
1213,7,7,0.7,0.7,False,False,False
1219,5,5,1.0,1.0,False,False,False
1224,1,1,0.6,0.6,False,False,False
1231,5,5,0.4,0.4,True,True,False
1246,6,6,0.4,0.4,True,True,False
1250,2,1,0.9,0.1,False,False,True
1252,5,5,0.9,0.9,False,False,False
1257,2,2,0.2,0.2,True,True,False
1259,2,2,0.5,0.5,False,False,False
1274,5,5,0.5,0.5,False,False,False
1280,4,4,0.9,0.9,False,False,False
1281,2,5,0.6,0.3,False,False,False
1287,1,1,0.9,0.9,False,False,False
1292,1,1,0.9,0.9,False,False,False
1293,2,1,0.8,0.1,False,False,True
1298,5,5,0.8,0.8,False,False,False
1299,4,4,0.8,0.8,False,False,False
1300,1,1,0.9,0.9,False,False,False
1311,2,2,0.4,0.4,True,True,False
1312,4,6,0.3,0.0,True,True,True
1313,5,5,0.5,0.5,False,False,False
1323,5,5,0.5,0.5,False,False,False
1326,7,7,1.0,1.0,False,False,False
1327,4,4,1.0,1.0,False,False,False
1335,2,2,0.5,0.5,False,False,False
1343,6,6,0.7,0.7,False,False,False
1354,3,3,0.6,0.6,False,False,False
1365,6,6,0.7,0.7,False,False,False
1368,5,5,0.8,0.8,False,False,False
1375,2,7,0.5,0.3,False,False,False
1395,5,4,0.5,0.4,False,False,False
1406,6,6,0.6,0.6,False,False,False
1411,2,1,0.6,0.1,False,False,True
1413,3,3,1.0,1.0,False,False,False
1419,1,1,0.7,0.7,False,False,False
1428,2,2,0.6,0.6,False,False,False
1429,3,3,0.7,0.7,False,False,False
1432,1,1,0.9,0.9,False,False,False
1435,7,7,0.4,0.4,True,True,False
1439,5,5,0.6,0.6,False,False,False
1441,1,1,0.5,0.5,False,False,False
1442,7,7,1.0,1.0,False,False,False
1445,2,2,0.9,0.9,False,False,False
1453,7,7,0.7,0.7,False,False,False
1463,5,5,0.7,0.7,False,False,False
1466,1,1,0.5,0.5,False,False,False
1467,5,1,0.3,0.3,True,True,False
1475,2,2,0.6,0.6,False,False,False
1480,4,6,0.4,0.1,True,True,True
1483,6,6,0.5,0.5,False,False,False
1490,1,1,0.5,0.5,False,False,False
1493,4,2,0.3,0.0,True,True,True
1498,7,7,0.5,0.5,False,False,False
1503,7,7,0.9,0.9,False,False,False
1513,7,7,0.4,0.4,True,True,False
1515,2,2,0.4,0.4,True,True,False
1518,2,2,0.6,0.6,False,False,False
1521,4,5,0.4,0.3,True,True,False
1525,7,7,0.7,0.7,False,False,False
1526,2,1,0.8,0.1,False,False,True
1536,7,6,0.5,0.2,False,False,False
1541,5,5,0.9,0.9,False,False,False
1547,3,3,0.8,0.8,False,False,False
1548,7,7,0.6,0.6,False,False,False
1552,3,3,0.8,0.8,False,False,False
1558,3,6,0.5,0.0,False,False,True
1565,2,6,0.7,0.2,False,False,False
1577,7,5,0.7,0.1,False,False,True
1580,5,5,1.0,1.0,False,False,False
1582,5,5,0.8,0.8,False,False,False
1584,2,7,0.6,0.3,False,False,False
1590,6,6,0.5,0.5,False,False,False
1591,2,2,0.6,0.6,False,False,False
1599,3,1,0.2,0.2,True,True,False
1600,7,7,0.4,0.4,True,True,False
1601,4,4,0.6,0.6,False,False,False
1603,3,3,0.9,0.9,False,False,False
1616,3,3,0.8,0.8,False,False,False
1623,6,5,0.4,0.3,True,True,False
1631,2,1,0.8,0.2,False,False,False
1633,7,7,1.0,1.0,False,False,False
1637,4,4,0.4,0.4,True,True,False
1642,4,4,0.9,0.9,False,False,False
1646,2,2,0.7,0.7,False,False,False
1652,1,5,0.3,0.2,True,True,False
1653,2,2,0.7,0.7,False,False,False
1654,3,5,0.3,0.2,True,True,False
1661,1,1,1.0,1.0,False,False,False
1668,2,6,0.5,0.2,False,False,False
1670,1,1,0.3,0.3,True,True,False
1672,4,5,0.6,0.1,False,False,True
1679,6,6,0.7,0.7,False,False,False
1681,1,1,0.9,0.9,False,False,False
1685,7,7,1.0,1.0,False,False,False
1686,3,2,0.4,0.2,True,True,False
1687,5,4,0.5,0.5,False,False,False
1690,3,6,0.6,0.3,False,False,False
1697,6,6,0.7,0.7,False,False,False
1698,2,2,0.4,0.4,True,True,False
1706,1,1,0.6,0.6,False,False,False
1714,1,1,0.5,0.5,False,False,False
0,1,1,0.8,0.8,False,False,False
7,2,2,0.6,0.6,False,False,False
11,1,1,0.7,0.7,False,False,False
14,2,2,0.9,0.9,False,False,False
15,7,7,0.9,0.9,False,False,False
18,4,5,0.4,0.3,True,True,False
19,5,5,0.8,0.8,False,False,False
20,3,3,0.5,0.5,False,False,False
33,7,7,0.6,0.6,False,False,False
35,6,6,0.5,0.5,False,False,False
39,6,6,0.9,0.9,False,False,False
44,5,5,0.6,0.6,False,False,False
48,4,6,0.4,0.3,True,True,False
49,3,3,0.9,0.9,False,False,False
51,1,1,1.0,1.0,False,False,False
57,3,3,0.3,0.3,True,True,False
59,6,5,0.4,0.3,True,True,False
70,6,6,0.7,0.7,False,False,False
75,2,2,0.7,0.7,False,False,False
80,4,4,0.7,0.7,False,False,False
86,7,7,0.7,0.7,False,False,False
89,1,1,0.5,0.5,False,False,False
91,7,7,0.8,0.8,False,False,False
96,4,4,0.8,0.8,False,False,False
99,3,3,0.9,0.9,False,False,False
105,1,1,0.7,0.7,False,False,False
107,1,1,0.8,0.8,False,False,False
109,1,1,0.8,0.8,False,False,False
110,1,1,0.3,0.3,True,True,False
114,7,7,0.9,0.9,False,False,False
115,2,2,0.5,0.5,False,False,False
116,4,5,0.4,0.1,True,True,True
124,5,5,1.0,1.0,False,False,False
127,5,6,0.4,0.2,True,True,False
128,4,4,0.6,0.6,False,False,False
129,4,4,0.9,0.9,False,False,False
135,1,1,0.9,0.9,False,False,False
148,4,4,0.8,0.8,False,False,False
156,2,6,0.3,0.2,True,True,False
158,2,1,0.6,0.1,False,False,True
162,2,2,0.4,0.4,True,True,False
167,3,3,0.7,0.7,False,False,False
172,1,1,0.9,0.9,False,False,False
178,4,5,0.4,0.3,True,True,False
194,3,3,0.5,0.5,False,False,False
199,3,5,0.3,0.0,True,True,True
202,6,6,0.4,0.4,True,True,False
213,4,4,0.5,0.5,False,False,False
222,2,2,0.7,0.7,False,False,False
223,4,4,0.6,0.6,False,False,False
233,3,3,0.4,0.4,True,True,False
237,3,3,0.7,0.7,False,False,False
239,5,5,0.7,0.7,False,False,False
240,5,5,0.4,0.4,True,True,False
253,1,1,0.6,0.6,False,False,False
261,1,1,0.9,0.9,False,False,False
263,1,1,0.5,0.5,False,False,False
266,6,6,0.9,0.9,False,False,False
267,4,4,0.6,0.6,False,False,False
274,5,5,1.0,1.0,False,False,False
276,3,6,0.3,0.2,True,True,False
277,2,1,0.9,0.1,False,False,True
288,2,2,0.8,0.8,False,False,False
289,5,5,0.8,0.8,False,False,False
294,7,7,0.5,0.5,False,False,False
296,2,2,0.4,0.4,True,True,False
297,4,5,0.7,0.3,False,False,False
302,6,6,0.7,0.7,False,False,False
303,3,5,0.3,0.2,True,True,False
321,2,7,0.6,0.4,False,False,False
332,4,4,0.8,0.8,False,False,False
336,2,2,0.9,0.9,False,False,False
339,2,2,0.6,0.6,False,False,False
340,6,6,0.4,0.4,True,True,False
347,6,6,0.4,0.4,True,True,False
349,6,6,0.8,0.8,False,False,False
356,4,4,0.5,0.5,False,False,False
363,1,1,1.0,1.0,False,False,False
371,6,6,0.7,0.7,False,False,False
376,7,7,0.9,0.9,False,False,False
379,2,2,0.7,0.7,False,False,False
381,2,2,0.3,0.3,True,True,False
390,5,5,0.5,0.5,False,False,False
391,7,7,1.0,1.0,False,False,False
396,2,2,0.5,0.5,False,False,False
406,7,7,0.4,0.4,True,True,False
408,2,2,0.4,0.4,True,True,False
412,7,7,0.6,0.6,False,False,False
415,5,5,0.7,0.7,False,False,False
427,5,5,0.5,0.5,False,False,False
428,6,6,0.7,0.7,False,False,False
438,6,6,0.6,0.6,False,False,False
441,4,5,0.5,0.3,False,False,False
443,5,5,0.4,0.4,True,True,False
446,5,5,0.7,0.7,False,False,False
458,1,1,0.7,0.7,False,False,False
461,4,4,0.8,0.8,False,False,False
465,3,7,0.6,0.2,False,False,False
471,1,1,0.8,0.8,False,False,False
474,3,2,0.3,0.1,True,True,True
475,1,1,0.6,0.6,False,False,False
481,2,1,0.7,0.0,False,False,True
482,1,5,0.5,0.4,False,False,False
487,5,5,0.9,0.9,False,False,False
488,1,1,0.5,0.5,False,False,False
498,1,1,0.9,0.9,False,False,False
518,7,2,0.4,0.0,True,True,True
520,5,5,0.8,0.8,False,False,False
523,2,2,0.5,0.5,False,False,False
533,3,3,0.7,0.7,False,False,False
534,6,6,0.4,0.4,True,True,False
548,4,4,0.7,0.7,False,False,False
565,4,3,0.4,0.3,True,True,False
567,1,1,0.5,0.5,False,False,False
568,1,1,0.7,0.7,False,False,False
570,1,1,0.5,0.5,False,False,False
572,2,2,0.4,0.4,True,True,False
576,3,3,1.0,1.0,False,False,False
577,7,7,0.7,0.7,False,False,False
580,2,1,0.8,0.1,False,False,True
582,1,1,1.0,1.0,False,False,False
585,2,2,0.4,0.4,True,True,False
597,2,2,0.9,0.9,False,False,False
602,1,1,0.9,0.9,False,False,False
608,7,7,1.0,1.0,False,False,False
620,5,5,0.5,0.5,False,False,False
623,1,5,0.3,0.1,True,True,True
626,3,5,0.3,0.1,True,True,True
627,3,5,0.5,0.1,False,False,True
629,5,5,0.4,0.4,True,True,False
632,3,2,0.4,0.1,True,True,True
634,2,2,0.3,0.3,True,True,False
638,7,7,0.9,0.9,False,False,False
639,5,5,0.8,0.8,False,False,False
641,2,1,0.6,0.1,False,False,True
647,1,1,0.8,0.8,False,False,False
648,4,4,1.0,1.0,False,False,False
651,3,5,0.4,0.1,True,True,True
654,2,1,0.7,0.1,False,False,True
661,1,1,0.6,0.6,False,False,False
667,1,1,0.7,0.7,False,False,False
670,5,4,0.4,0.4,True,True,False
686,2,1,0.5,0.2,False,False,False
691,5,5,0.7,0.7,False,False,False
692,3,3,0.8,0.8,False,False,False
697,1,1,0.9,0.9,False,False,False
699,3,3,0.5,0.5,False,False,False
705,2,2,0.6,0.6,False,False,False
712,2,2,0.6,0.6,False,False,False
719,6,6,0.6,0.6,False,False,False
720,2,5,0.5,0.1,False,False,True
731,2,2,0.4,0.4,True,True,False
732,5,5,0.7,0.7,False,False,False
735,3,3,0.5,0.5,False,False,False
740,6,6,0.9,0.9,False,False,False
753,4,4,0.6,0.6,False,False,False
757,7,2,0.5,0.5,False,False,False
763,1,1,0.3,0.3,True,True,False
768,2,2,0.7,0.7,False,False,False
769,1,1,1.0,1.0,False,False,False
773,3,5,0.3,0.2,True,True,False
777,4,4,0.5,0.5,False,False,False
782,6,6,0.4,0.4,True,True,False
790,5,5,0.5,0.5,False,False,False
791,7,7,0.8,0.8,False,False,False
792,3,6,0.4,0.0,True,True,True
801,7,7,1.0,1.0,False,False,False
807,7,7,0.7,0.7,False,False,False
808,1,1,0.9,0.9,False,False,False
817,5,5,0.8,0.8,False,False,False
821,1,1,0.4,0.4,True,True,False
823,3,7,0.5,0.0,False,False,True
829,4,5,0.3,0.0,True,True,True
830,6,4,0.4,0.4,True,True,False
836,6,7,0.4,0.3,True,True,False
837,2,1,0.6,0.1,False,False,True
841,7,7,0.7,0.7,False,False,False
845,4,5,0.7,0.2,False,False,False
856,1,1,0.7,0.7,False,False,False
858,1,1,0.6,0.6,False,False,False
861,5,5,0.6,0.6,False,False,False
863,3,3,0.8,0.8,False,False,False
869,5,5,1.0,1.0,False,False,False
871,6,6,0.7,0.7,False,False,False
873,5,5,0.6,0.6,False,False,False
888,1,1,0.7,0.7,False,False,False
891,5,5,0.5,0.5,False,False,False
893,4,4,0.7,0.7,False,False,False
901,3,2,0.8,0.2,False,False,False
902,1,5,0.4,0.3,True,True,False
904,6,6,0.5,0.5,False,False,False
908,3,3,0.9,0.9,False,False,False
914,5,5,1.0,1.0,False,False,False
916,2,7,0.5,0.2,False,False,False
922,1,1,0.8,0.8,False,False,False
936,3,1,0.5,0.2,False,False,False
944,1,1,0.7,0.7,False,False,False
946,2,2,0.4,0.4,True,True,False
968,5,4,0.6,0.3,False,False,False
969,5,5,0.4,0.4,True,True,False
985,1,1,0.5,0.5,False,False,False
988,2,2,0.7,0.7,False,False,False
998,3,3,0.9,0.9,False,False,False
1003,3,3,0.3,0.3,True,True,False
1006,3,3,0.6,0.6,False,False,False
1014,6,6,0.4,0.4,True,True,False
1019,2,1,0.6,0.2,False,False,False
1023,1,1,0.6,0.6,False,False,False
1027,7,7,0.7,0.7,False,False,False
1032,4,6,0.6,0.2,False,False,False
1033,1,1,1.0,1.0,False,False,False
1041,4,4,0.5,0.5,False,False,False
1044,6,6,0.6,0.6,False,False,False
1050,4,4,0.7,0.7,False,False,False
1054,7,7,1.0,1.0,False,False,False
1060,1,1,0.4,0.4,True,True,False
1069,1,2,0.3,0.2,True,True,False
1075,5,5,0.8,0.8,False,False,False
1078,3,7,0.7,0.1,False,False,True
1084,6,4,0.4,0.3,True,True,False
1091,5,5,0.4,0.4,True,True,False
1093,5,5,0.8,0.8,False,False,False
1102,3,1,0.3,0.0,True,True,True
1112,3,3,0.6,0.6,False,False,False
1114,5,5,0.6,0.6,False,False,False
1115,2,2,0.4,0.4,True,True,False
1116,4,4,0.6,0.6,False,False,False
1122,1,1,0.9,0.9,False,False,False
1127,4,4,0.4,0.4,True,True,False
1128,1,1,0.6,0.6,False,False,False
1136,2,2,0.8,0.8,False,False,False
1144,1,1,0.9,0.9,False,False,False
1146,5,5,0.6,0.6,False,False,False
1150,4,2,0.4,0.2,True,True,False
1151,3,6,0.7,0.0,False,False,True
1154,5,5,0.9,0.9,False,False,False
1155,3,1,0.4,0.4,True,True,False
1158,3,3,1.0,1.0,False,False,False
1170,5,5,0.4,0.4,True,True,False
1174,3,3,0.9,0.9,False,False,False
1180,2,2,0.8,0.8,False,False,False
1189,6,6,0.6,0.6,False,False,False
1190,7,7,0.8,0.8,False,False,False
1193,6,7,0.4,0.3,True,True,False
1195,3,3,0.8,0.8,False,False,False
1215,1,1,0.7,0.7,False,False,False
1218,1,1,0.7,0.7,False,False,False
1222,5,1,0.3,0.3,True,True,False
1225,7,7,0.6,0.6,False,False,False
1228,1,1,0.6,0.6,False,False,False
1229,3,3,0.9,0.9,False,False,False
1237,4,4,0.4,0.4,True,True,False
1239,4,6,0.5,0.4,False,False,False
1240,1,1,0.8,0.8,False,False,False
1241,7,2,0.2,0.2,True,True,False
1243,4,4,0.5,0.5,False,False,False
1245,5,5,0.4,0.4,True,True,False
1251,5,5,0.8,0.8,False,False,False
1253,7,7,0.7,0.7,False,False,False
1262,6,6,0.4,0.4,True,True,False
1266,2,6,0.4,0.2,True,True,False
1267,5,5,0.8,0.8,False,False,False
1273,1,1,0.7,0.7,False,False,False
1288,3,5,0.4,0.1,True,True,True
1289,6,6,0.7,0.7,False,False,False
1296,3,6,0.4,0.2,True,True,False
1309,3,3,1.0,1.0,False,False,False
1315,1,1,0.8,0.8,False,False,False
1322,3,3,1.0,1.0,False,False,False
1324,4,4,0.6,0.6,False,False,False
1331,7,7,0.5,0.5,False,False,False
1332,6,6,0.6,0.6,False,False,False
1338,7,7,1.0,1.0,False,False,False
1340,1,1,0.6,0.6,False,False,False
1344,3,3,0.7,0.7,False,False,False
1350,2,3,0.5,0.0,False,False,True
1352,1,1,0.6,0.6,False,False,False
1355,4,4,0.3,0.3,True,True,False
1364,1,5,0.3,0.2,True,True,False
1372,2,7,0.6,0.2,False,False,False
1376,7,7,0.5,0.5,False,False,False
1383,1,1,0.9,0.9,False,False,False
1385,1,6,0.5,0.2,False,False,False
1386,5,5,0.8,0.8,False,False,False
1389,2,2,0.6,0.6,False,False,False
1390,6,3,0.6,0.3,False,False,False
1393,1,1,1.0,1.0,False,False,False
1394,6,6,0.4,0.4,True,True,False
1396,1,1,0.6,0.6,False,False,False
1401,3,3,0.6,0.6,False,False,False
1405,3,2,0.6,0.3,False,False,False
1407,7,7,0.7,0.7,False,False,False
1409,3,3,0.5,0.5,False,False,False
1410,2,2,0.4,0.4,True,True,False
1412,7,2,0.4,0.3,True,True,False
1414,3,3,0.8,0.8,False,False,False
1426,2,1,0.3,0.2,True,True,False
1430,2,1,0.8,0.1,False,False,True
1433,1,4,0.4,0.3,True,True,False
1450,7,7,0.5,0.5,False,False,False
1461,7,7,0.9,0.9,False,False,False
1469,7,7,0.6,0.6,False,False,False
1472,7,7,0.9,0.9,False,False,False
1473,3,5,0.4,0.0,True,True,True
1478,2,2,0.4,0.4,True,True,False
1481,1,1,0.9,0.9,False,False,False
1488,7,2,0.5,0.4,False,False,False
1497,7,2,0.5,0.4,False,False,False
1502,3,3,0.4,0.4,True,True,False
1504,2,1,0.9,0.1,False,False,True
1509,2,2,0.6,0.6,False,False,False
1512,7,7,0.6,0.6,False,False,False
1522,2,2,0.5,0.5,False,False,False
1528,2,2,0.6,0.6,False,False,False
1530,3,3,0.6,0.6,False,False,False
1542,1,1,0.7,0.7,False,False,False
1546,6,6,0.8,0.8,False,False,False
1551,5,5,0.6,0.6,False,False,False
1553,2,2,0.5,0.5,False,False,False
1554,1,1,0.4,0.4,True,True,False
1569,2,2,0.6,0.6,False,False,False
1571,1,1,0.6,0.6,False,False,False
1574,1,1,0.8,0.8,False,False,False
1579,2,2,0.4,0.4,True,True,False
1581,5,5,0.3,0.3,True,True,False
1586,5,5,0.7,0.7,False,False,False
1593,6,6,0.5,0.5,False,False,False
1611,1,1,0.9,0.9,False,False,False
1615,7,7,0.5,0.5,False,False,False
1617,6,6,0.8,0.8,False,False,False
1618,1,1,0.5,0.5,False,False,False
1620,4,4,0.4,0.4,True,True,False
1621,2,2,0.6,0.6,False,False,False
1622,5,5,0.6,0.6,False,False,False
1644,7,7,0.5,0.5,False,False,False
1645,7,7,1.0,1.0,False,False,False
1650,1,1,0.4,0.4,True,True,False
1659,1,1,0.9,0.9,False,False,False
1665,7,7,0.9,0.9,False,False,False
1666,4,5,0.8,0.2,False,False,False
1675,1,1,1.0,1.0,False,False,False
1678,4,4,0.6,0.6,False,False,False
1704,1,1,0.6,0.6,False,False,False
6,6,6,0.8333333333333334,0.8333333333333334,False,False,False
21,4,4,0.5833333333333334,0.5833333333333334,False,False,False
25,1,1,0.8333333333333334,0.8333333333333334,False,False,False
28,1,1,0.5,0.5,False,False,False
38,3,3,1.0,1.0,False,False,False
42,1,1,0.6666666666666666,0.6666666666666666,False,False,False
50,7,7,0.8333333333333334,0.8333333333333334,False,False,False
54,1,1,0.4166666666666667,0.4166666666666667,True,True,False
56,3,3,0.9166666666666666,0.9166666666666666,False,False,False
62,7,2,0.5833333333333334,0.3333333333333333,False,False,False
64,1,1,0.5,0.5,False,False,False
67,4,4,0.75,0.75,False,False,False
72,3,3,1.0,1.0,False,False,False
79,5,5,0.5833333333333334,0.5833333333333334,False,False,False
83,3,2,0.25,0.16666666666666666,True,True,True
85,4,4,0.25,0.25,True,True,False
87,6,6,0.5,0.5,False,False,False
92,1,1,0.6666666666666666,0.6666666666666666,False,False,False
94,6,6,0.5833333333333334,0.5833333333333334,False,False,False
98,4,5,0.5833333333333334,0.08333333333333333,False,False,True
103,2,2,0.5,0.5,False,False,False
126,2,3,0.25,0.16666666666666666,True,True,True
132,5,5,0.6666666666666666,0.6666666666666666,False,False,False
136,3,3,0.6666666666666666,0.6666666666666666,False,False,False
139,7,7,1.0,1.0,False,False,False
140,5,5,0.75,0.75,False,False,False
143,4,4,0.8333333333333334,0.8333333333333334,False,False,False
149,2,1,0.6666666666666666,0.25,False,False,False
150,6,3,0.4166666666666667,0.25,True,True,False
160,2,2,0.4166666666666667,0.4166666666666667,True,True,False
168,3,3,0.75,0.75,False,False,False
170,7,7,1.0,1.0,False,False,False
173,1,1,0.6666666666666666,0.6666666666666666,False,False,False
175,5,5,0.4166666666666667,0.4166666666666667,True,True,False
177,6,6,0.6666666666666666,0.6666666666666666,False,False,False
179,3,6,0.3333333333333333,0.08333333333333333,True,True,True
190,5,3,0.3333333333333333,0.16666666666666666,True,True,True
195,5,5,0.6666666666666666,0.6666666666666666,False,False,False
197,3,3,1.0,1.0,False,False,False
208,6,6,0.75,0.75,False,False,False
210,6,6,0.8333333333333334,0.8333333333333334,False,False,False
217,3,3,0.5833333333333334,0.5833333333333334,False,False,False
219,4,4,0.5833333333333334,0.5833333333333334,False,False,False
221,4,4,0.75,0.75,False,False,False
235,2,2,0.3333333333333333,0.3333333333333333,True,True,False
243,7,7,0.3333333333333333,0.3333333333333333,True,True,False
248,1,1,0.6666666666666666,0.6666666666666666,False,False,False
250,2,5,0.3333333333333333,0.08333333333333333,True,True,True
255,2,2,0.4166666666666667,0.4166666666666667,True,True,False
260,1,1,0.8333333333333334,0.8333333333333334,False,False,False
273,3,3,0.9166666666666666,0.9166666666666666,False,False,False
280,1,1,0.75,0.75,False,False,False
287,2,2,0.6666666666666666,0.6666666666666666,False,False,False
300,3,5,0.4166666666666667,0.3333333333333333,True,True,False
307,1,1,0.4166666666666667,0.4166666666666667,True,True,False
315,3,3,0.75,0.75,False,False,False
318,5,5,0.75,0.75,False,False,False
319,6,6,0.75,0.75,False,False,False
322,5,1,0.6666666666666666,0.16666666666666666,False,False,True
329,1,1,0.9166666666666666,0.9166666666666666,False,False,False
330,2,2,0.5,0.5,False,False,False
348,6,1,0.4166666666666667,0.25,True,True,False
350,4,5,0.3333333333333333,0.25,True,True,False
353,7,2,0.25,0.16666666666666666,True,True,True
357,3,2,0.5,0.08333333333333333,False,False,True
364,6,6,0.5833333333333334,0.5833333333333334,False,False,False
373,2,2,0.4166666666666667,0.4166666666666667,True,True,False
385,5,7,0.3333333333333333,0.0,True,True,True
395,2,2,0.5833333333333334,0.5833333333333334,False,False,False
397,5,5,0.5,0.5,False,False,False
398,4,4,0.75,0.75,False,False,False
402,7,7,0.8333333333333334,0.8333333333333334,False,False,False
419,5,5,0.8333333333333334,0.8333333333333334,False,False,False
422,5,4,0.3333333333333333,0.25,True,True,False
423,3,3,0.5,0.5,False,False,False
426,5,4,0.6666666666666666,0.3333333333333333,False,False,False
429,2,2,0.75,0.75,False,False,False
435,6,6,0.9166666666666666,0.9166666666666666,False,False,False
445,5,5,0.5,0.5,False,False,False
449,1,5,0.3333333333333333,0.16666666666666666,True,True,True
451,3,3,0.5,0.5,False,False,False
467,1,1,0.9166666666666666,0.9166666666666666,False,False,False
472,2,2,0.4166666666666667,0.4166666666666667,True,True,False
478,5,5,0.5833333333333334,0.5833333333333334,False,False,False
483,2,2,0.5,0.5,False,False,False
486,6,6,0.5,0.5,False,False,False
489,1,1,0.6666666666666666,0.6666666666666666,False,False,False
499,3,3,0.8333333333333334,0.8333333333333334,False,False,False
500,3,3,0.6666666666666666,0.6666666666666666,False,False,False
501,1,1,0.5833333333333334,0.5833333333333334,False,False,False
502,1,1,0.75,0.75,False,False,False
505,3,7,0.5,0.08333333333333333,False,False,True
506,7,7,0.8333333333333334,0.8333333333333334,False,False,False
507,1,1,0.8333333333333334,0.8333333333333334,False,False,False
515,5,5,0.8333333333333334,0.8333333333333334,False,False,False
516,4,4,0.5,0.5,False,False,False
522,2,2,0.8333333333333334,0.8333333333333334,False,False,False
524,6,6,0.5833333333333334,0.5833333333333334,False,False,False
525,4,4,0.5833333333333334,0.5833333333333334,False,False,False
526,4,4,0.75,0.75,False,False,False
529,2,5,0.4166666666666667,0.08333333333333333,True,True,True
530,2,2,0.3333333333333333,0.3333333333333333,True,True,False
538,2,7,0.4166666666666667,0.25,True,True,False
539,2,2,0.5,0.5,False,False,False
542,1,1,0.75,0.75,False,False,False
543,2,2,0.5,0.5,False,False,False
546,1,6,0.3333333333333333,0.08333333333333333,True,True,True
553,6,1,0.3333333333333333,0.3333333333333333,True,True,False
554,4,5,0.4166666666666667,0.3333333333333333,True,True,False
557,1,1,0.75,0.75,False,False,False
575,1,1,0.8333333333333334,0.8333333333333334,False,False,False
584,2,2,0.3333333333333333,0.3333333333333333,True,True,False
586,3,3,0.8333333333333334,0.8333333333333334,False,False,False
587,2,1,0.9166666666666666,0.08333333333333333,False,False,True
588,7,7,0.8333333333333334,0.8333333333333334,False,False,False
590,3,3,0.3333333333333333,0.3333333333333333,True,True,False
610,3,6,0.75,0.25,False,False,False
617,1,1,0.75,0.75,False,False,False
618,1,1,0.75,0.75,False,False,False
643,1,1,0.6666666666666666,0.6666666666666666,False,False,False
646,1,1,0.6666666666666666,0.6666666666666666,False,False,False
649,6,6,0.6666666666666666,0.6666666666666666,False,False,False
650,2,2,0.3333333333333333,0.3333333333333333,True,True,False
656,3,6,0.3333333333333333,0.08333333333333333,True,True,True
658,3,3,0.25,0.25,True,True,False
665,1,1,0.8333333333333334,0.8333333333333334,False,False,False
666,2,5,0.4166666666666667,0.08333333333333333,True,True,True
679,5,5,0.5833333333333334,0.5833333333333334,False,False,False
684,3,3,0.4166666666666667,0.4166666666666667,True,True,False
687,2,4,0.25,0.08333333333333333,True,True,True
693,5,4,0.3333333333333333,0.25,True,True,False
694,7,7,0.75,0.75,False,False,False
706,6,6,0.5833333333333334,0.5833333333333334,False,False,False
707,3,6,0.3333333333333333,0.08333333333333333,True,True,True
710,7,7,0.3333333333333333,0.3333333333333333,True,True,False
711,2,6,0.5,0.25,False,False,False
722,7,7,0.8333333333333334,0.8333333333333334,False,False,False
724,2,2,0.5,0.5,False,False,False
725,1,1,0.4166666666666667,0.4166666666666667,True,True,False
727,3,7,0.3333333333333333,0.16666666666666666,True,True,True
729,5,5,0.5,0.5,False,False,False
736,3,4,0.4166666666666667,0.25,True,True,False
741,7,7,0.75,0.75,False,False,False
742,5,5,0.5,0.5,False,False,False
743,7,7,1.0,1.0,False,False,False
744,7,2,0.5833333333333334,0.25,False,False,False
749,1,1,0.4166666666666667,0.4166666666666667,True,True,False
754,1,1,1.0,1.0,False,False,False
758,1,1,0.6666666666666666,0.6666666666666666,False,False,False
772,3,3,0.9166666666666666,0.9166666666666666,False,False,False
778,4,4,0.5,0.5,False,False,False
779,7,7,0.75,0.75,False,False,False
783,5,5,0.5833333333333334,0.5833333333333334,False,False,False
787,4,4,0.8333333333333334,0.8333333333333334,False,False,False
788,4,4,0.75,0.75,False,False,False
794,1,1,0.5833333333333334,0.5833333333333334,False,False,False
798,3,3,0.9166666666666666,0.9166666666666666,False,False,False
803,2,1,0.8333333333333334,0.16666666666666666,False,False,True
806,7,4,0.5833333333333334,0.16666666666666666,False,False,True
810,7,7,0.75,0.75,False,False,False
811,7,7,0.6666666666666666,0.6666666666666666,False,False,False
814,5,5,0.75,0.75,False,False,False
816,2,5,0.9166666666666666,0.0,False,False,True
820,2,7,0.5,0.3333333333333333,False,False,False
824,3,3,0.4166666666666667,0.4166666666666667,True,True,False
825,3,3,0.5,0.5,False,False,False
833,3,1,0.3333333333333333,0.08333333333333333,True,True,True
834,1,4,0.5833333333333334,0.0,False,False,True
839,5,5,0.5833333333333334,0.5833333333333334,False,False,False
843,3,3,0.5,0.5,False,False,False
846,7,7,0.4166666666666667,0.4166666666666667,True,True,False
848,1,1,0.9166666666666666,0.9166666666666666,False,False,False
852,5,5,0.6666666666666666,0.6666666666666666,False,False,False
853,3,3,0.6666666666666666,0.6666666666666666,False,False,False
864,1,1,0.6666666666666666,0.6666666666666666,False,False,False
866,1,1,0.3333333333333333,0.3333333333333333,True,True,False
880,1,1,0.3333333333333333,0.3333333333333333,True,True,False
884,7,7,0.4166666666666667,0.4166666666666667,True,True,False
886,7,3,0.5,0.08333333333333333,False,False,True
889,4,4,0.4166666666666667,0.4166666666666667,True,True,False
892,1,1,0.4166666666666667,0.4166666666666667,True,True,False
898,3,2,0.5,0.16666666666666666,False,False,True
900,1,1,0.3333333333333333,0.3333333333333333,True,True,False
910,5,5,0.3333333333333333,0.3333333333333333,True,True,False
911,1,1,0.9166666666666666,0.9166666666666666,False,False,False
913,2,1,0.75,0.16666666666666666,False,False,True
920,3,3,1.0,1.0,False,False,False
927,1,1,0.9166666666666666,0.9166666666666666,False,False,False
928,2,2,0.6666666666666666,0.6666666666666666,False,False,False
931,1,1,0.5833333333333334,0.5833333333333334,False,False,False
939,2,2,0.5833333333333334,0.5833333333333334,False,False,False
942,2,2,0.4166666666666667,0.4166666666666667,True,True,False
943,1,1,0.75,0.75,False,False,False
947,6,2,0.5,0.3333333333333333,False,False,False
948,2,2,0.8333333333333334,0.8333333333333334,False,False,False
962,6,3,0.4166666666666667,0.3333333333333333,True,True,False
976,4,4,0.6666666666666666,0.6666666666666666,False,False,False
978,1,1,0.6666666666666666,0.6666666666666666,False,False,False
979,7,7,0.9166666666666666,0.9166666666666666,False,False,False
986,3,6,0.5,0.16666666666666666,False,False,True
989,4,1,0.6666666666666666,0.3333333333333333,False,False,False
1029,5,5,0.75,0.75,False,False,False
1030,4,4,0.5833333333333334,0.5833333333333334,False,False,False
1035,2,2,0.8333333333333334,0.8333333333333334,False,False,False
1039,3,3,0.6666666666666666,0.6666666666666666,False,False,False
1043,4,4,0.3333333333333333,0.3333333333333333,True,True,False
1047,6,1,0.3333333333333333,0.16666666666666666,True,True,True
1051,5,1,0.3333333333333333,0.3333333333333333,True,True,False
1065,1,1,0.5833333333333334,0.5833333333333334,False,False,False
1067,5,5,0.8333333333333334,0.8333333333333334,False,False,False
1071,2,2,0.75,0.75,False,False,False
1073,3,3,1.0,1.0,False,False,False
1079,1,1,0.8333333333333334,0.8333333333333334,False,False,False
1087,4,3,0.5,0.25,False,False,False
1089,3,3,0.4166666666666667,0.4166666666666667,True,True,False
1092,1,1,0.75,0.75,False,False,False
1098,7,7,0.5833333333333334,0.5833333333333334,False,False,False
1100,2,2,0.5833333333333334,0.5833333333333334,False,False,False
1103,1,1,0.6666666666666666,0.6666666666666666,False,False,False
1104,2,2,0.3333333333333333,0.3333333333333333,True,True,False
1108,1,1,0.8333333333333334,0.8333333333333334,False,False,False
1118,6,6,0.5,0.5,False,False,False
1120,1,1,0.4166666666666667,0.4166666666666667,True,True,False
1123,5,5,0.5833333333333334,0.5833333333333334,False,False,False
1132,5,5,0.5,0.5,False,False,False
1135,4,4,0.75,0.75,False,False,False
1138,5,5,0.6666666666666666,0.6666666666666666,False,False,False
1141,5,5,0.5,0.5,False,False,False
1143,1,1,0.5833333333333334,0.5833333333333334,False,False,False
1149,2,2,0.8333333333333334,0.8333333333333334,False,False,False
1160,7,7,0.5833333333333334,0.5833333333333334,False,False,False
1161,7,7,0.75,0.75,False,False,False
1163,4,4,0.25,0.25,True,True,False
1164,6,6,0.5,0.5,False,False,False
1167,1,1,0.5833333333333334,0.5833333333333334,False,False,False
1177,2,2,0.5,0.5,False,False,False
1184,2,1,0.25,0.16666666666666666,True,True,True
1187,2,1,0.5,0.25,False,False,False
1196,5,5,0.4166666666666667,0.4166666666666667,True,True,False
1199,1,1,0.75,0.75,False,False,False
1202,6,6,0.5833333333333334,0.5833333333333334,False,False,False
1204,2,2,0.5833333333333334,0.5833333333333334,False,False,False
1209,3,3,0.3333333333333333,0.3333333333333333,True,True,False
1216,4,4,0.6666666666666666,0.6666666666666666,False,False,False
1221,6,6,0.4166666666666667,0.4166666666666667,True,True,False
1223,2,2,0.6666666666666666,0.6666666666666666,False,False,False
1233,4,4,0.9166666666666666,0.9166666666666666,False,False,False
1234,7,7,1.0,1.0,False,False,False
1235,6,6,0.6666666666666666,0.6666666666666666,False,False,False
1238,1,1,0.75,0.75,False,False,False
1255,3,2,0.5,0.16666666666666666,False,False,True
1256,7,7,0.6666666666666666,0.6666666666666666,False,False,False
1260,1,1,0.8333333333333334,0.8333333333333334,False,False,False
1263,7,7,1.0,1.0,False,False,False
1268,7,7,0.5833333333333334,0.5833333333333334,False,False,False
1270,1,1,0.3333333333333333,0.3333333333333333,True,True,False
1271,5,5,0.5,0.5,False,False,False
1272,1,1,0.6666666666666666,0.6666666666666666,False,False,False
1275,7,7,0.8333333333333334,0.8333333333333334,False,False,False
1278,7,7,0.5,0.5,False,False,False
1295,4,4,0.75,0.75,False,False,False
1297,2,7,0.4166666666666667,0.25,True,True,False
1305,3,2,0.5,0.16666666666666666,False,False,True
1314,6,6,0.6666666666666666,0.6666666666666666,False,False,False
1328,3,2,0.3333333333333333,0.3333333333333333,True,True,False
1342,1,1,0.75,0.75,False,False,False
1351,1,1,0.8333333333333334,0.8333333333333334,False,False,False
1353,4,4,0.5833333333333334,0.5833333333333334,False,False,False
1356,3,3,0.4166666666666667,0.4166666666666667,True,True,False
1366,6,6,0.5,0.5,False,False,False
1371,1,1,0.5833333333333334,0.5833333333333334,False,False,False
1377,2,2,0.5,0.5,False,False,False
1380,1,1,0.8333333333333334,0.8333333333333334,False,False,False
1388,5,5,0.75,0.75,False,False,False
1391,6,6,0.5,0.5,False,False,False
1397,7,7,0.8333333333333334,0.8333333333333334,False,False,False
1400,7,6,0.4166666666666667,0.3333333333333333,True,True,False
1402,1,1,0.25,0.25,True,True,False
1408,7,7,0.9166666666666666,0.9166666666666666,False,False,False
1416,3,3,0.3333333333333333,0.3333333333333333,True,True,False
1417,5,5,0.6666666666666666,0.6666666666666666,False,False,False
1423,2,2,0.75,0.75,False,False,False
1437,6,6,0.6666666666666666,0.6666666666666666,False,False,False
1440,1,1,0.5833333333333334,0.5833333333333334,False,False,False
1443,3,3,0.75,0.75,False,False,False
1448,2,2,0.5833333333333334,0.5833333333333334,False,False,False
1451,4,4,0.9166666666666666,0.9166666666666666,False,False,False
1454,1,1,0.75,0.75,False,False,False
1455,3,2,0.4166666666666667,0.16666666666666666,True,True,True
1456,1,1,0.5,0.5,False,False,False
1458,4,4,0.9166666666666666,0.9166666666666666,False,False,False
1464,5,5,0.5,0.5,False,False,False
1468,5,5,0.6666666666666666,0.6666666666666666,False,False,False
1471,5,5,1.0,1.0,False,False,False
1476,4,5,0.4166666666666667,0.3333333333333333,True,True,False
1477,1,1,0.9166666666666666,0.9166666666666666,False,False,False
1482,6,6,0.4166666666666667,0.4166666666666667,True,True,False
1487,3,3,0.3333333333333333,0.3333333333333333,True,True,False
1489,3,6,0.5,0.25,False,False,False
1494,3,3,0.6666666666666666,0.6666666666666666,False,False,False
1496,3,3,0.5833333333333334,0.5833333333333334,False,False,False
1501,4,7,0.6666666666666666,0.08333333333333333,False,False,True
1514,6,6,0.75,0.75,False,False,False
1519,2,2,0.4166666666666667,0.4166666666666667,True,True,False
1520,1,6,0.3333333333333333,0.16666666666666666,True,True,True
1529,2,2,0.75,0.75,False,False,False
1539,5,4,0.3333333333333333,0.25,True,True,False
1545,4,4,0.75,0.75,False,False,False
1555,5,5,0.3333333333333333,0.3333333333333333,True,True,False
1556,5,5,0.4166666666666667,0.4166666666666667,True,True,False
1557,7,7,0.6666666666666666,0.6666666666666666,False,False,False
1561,2,1,0.75,0.16666666666666666,False,False,True
1564,6,6,0.8333333333333334,0.8333333333333334,False,False,False
1567,2,2,0.5,0.5,False,False,False
1568,7,7,0.9166666666666666,0.9166666666666666,False,False,False
1570,4,4,0.5833333333333334,0.5833333333333334,False,False,False
1572,4,4,0.4166666666666667,0.4166666666666667,True,True,False
1573,5,5,0.8333333333333334,0.8333333333333334,False,False,False
1583,1,1,0.3333333333333333,0.3333333333333333,True,True,False
1595,5,5,0.75,0.75,False,False,False
1596,7,2,0.3333333333333333,0.25,True,True,False
1598,1,1,0.75,0.75,False,False,False
1609,5,5,0.9166666666666666,0.9166666666666666,False,False,False
1612,1,1,0.4166666666666667,0.4166666666666667,True,True,False
1636,1,1,0.6666666666666666,0.6666666666666666,False,False,False
1639,2,2,0.5833333333333334,0.5833333333333334,False,False,False
1641,4,1,0.5,0.25,False,False,False
1643,2,1,0.3333333333333333,0.08333333333333333,True,True,True
1651,6,6,0.5833333333333334,0.5833333333333334,False,False,False
1655,4,4,0.9166666666666666,0.9166666666666666,False,False,False
1657,7,7,0.75,0.75,False,False,False
1663,5,5,0.5833333333333334,0.5833333333333334,False,False,False
1664,4,2,0.4166666666666667,0.16666666666666666,True,True,True
1671,7,6,0.5,0.3333333333333333,False,False,False
1677,2,2,0.4166666666666667,0.4166666666666667,True,True,False
1680,7,7,0.6666666666666666,0.6666666666666666,False,False,False
1682,3,5,0.4166666666666667,0.16666666666666666,True,True,True
1693,6,6,0.6666666666666666,0.6666666666666666,False,False,False
1694,3,3,0.5,0.5,False,False,False
1702,2,2,0.6666666666666666,0.6666666666666666,False,False,False
1703,4,4,0.9166666666666666,0.9166666666666666,False,False,False
1707,6,6,0.9166666666666666,0.9166666666666666,False,False,False
1711,1,1,0.8333333333333334,0.8333333333333334,False,False,False
3,4,4,0.7692307692307693,0.7692307692307693,False,False,False
8,1,1,0.7692307692307693,0.7692307692307693,False,False,False
27,6,6,0.6923076923076923,0.6923076923076923,False,False,False
36,3,7,0.5384615384615384,0.15384615384615385,False,False,True
41,7,7,0.6923076923076923,0.6923076923076923,False,False,False
53,7,7,0.8461538461538461,0.8461538461538461,False,False,False
60,3,3,0.6153846153846154,0.6153846153846154,False,False,False
63,7,7,0.8461538461538461,0.8461538461538461,False,False,False
65,1,1,0.6153846153846154,0.6153846153846154,False,False,False
88,3,3,0.5384615384615384,0.5384615384615384,False,False,False
95,3,2,0.23076923076923078,0.15384615384615385,True,True,True
97,6,5,0.3076923076923077,0.3076923076923077,True,True,False
100,5,5,0.5384615384615384,0.5384615384615384,False,False,False
101,1,1,0.6153846153846154,0.6153846153846154,False,False,False
104,2,2,0.46153846153846156,0.46153846153846156,True,True,False
117,1,1,0.5384615384615384,0.5384615384615384,False,False,False
119,4,4,1.0,1.0,False,False,False
125,7,7,0.7692307692307693,0.7692307692307693,False,False,False
130,7,7,0.9230769230769231,0.9230769230769231,False,False,False
131,2,2,0.5384615384615384,0.5384615384615384,False,False,False
133,1,1,0.6923076923076923,0.6923076923076923,False,False,False
142,2,7,0.3076923076923077,0.23076923076923078,True,True,False
145,2,2,0.6153846153846154,0.6153846153846154,False,False,False
151,3,6,0.3076923076923077,0.15384615384615385,True,True,True
153,5,5,0.6153846153846154,0.6153846153846154,False,False,False
154,2,2,0.3076923076923077,0.3076923076923077,True,True,False
163,2,2,0.8461538461538461,0.8461538461538461,False,False,False
165,7,7,0.46153846153846156,0.46153846153846156,True,True,False
166,1,1,0.6923076923076923,0.6923076923076923,False,False,False
169,5,4,0.3076923076923077,0.3076923076923077,True,True,False
183,2,1,0.38461538461538464,0.07692307692307693,True,True,True
186,1,1,0.6153846153846154,0.6153846153846154,False,False,False
191,7,7,0.7692307692307693,0.7692307692307693,False,False,False
196,1,1,0.9230769230769231,0.9230769230769231,False,False,False
206,1,1,0.5384615384615384,0.5384615384615384,False,False,False
212,4,1,0.46153846153846156,0.15384615384615385,True,True,True
216,7,7,0.6153846153846154,0.6153846153846154,False,False,False
218,4,4,0.46153846153846156,0.46153846153846156,True,True,False
224,3,3,0.7692307692307693,0.7692307692307693,False,False,False
226,3,5,0.3076923076923077,0.15384615384615385,True,True,True
227,2,2,0.3076923076923077,0.3076923076923077,True,True,False
234,5,5,0.8461538461538461,0.8461538461538461,False,False,False
244,2,2,0.38461538461538464,0.38461538461538464,True,True,False
252,2,1,0.6153846153846154,0.23076923076923078,False,False,False
256,3,3,0.6923076923076923,0.6923076923076923,False,False,False
259,7,7,0.8461538461538461,0.8461538461538461,False,False,False
262,2,1,0.7692307692307693,0.0,False,False,True
264,1,1,0.6153846153846154,0.6153846153846154,False,False,False
272,3,3,0.38461538461538464,0.38461538461538464,True,True,False
279,3,3,0.7692307692307693,0.7692307692307693,False,False,False
285,6,6,0.3076923076923077,0.3076923076923077,True,True,False
286,3,3,0.7692307692307693,0.7692307692307693,False,False,False
292,1,1,0.9230769230769231,0.9230769230769231,False,False,False
295,7,7,0.6923076923076923,0.6923076923076923,False,False,False
298,3,3,0.3076923076923077,0.3076923076923077,True,True,False
299,2,2,0.8461538461538461,0.8461538461538461,False,False,False
305,4,4,0.3076923076923077,0.3076923076923077,True,True,False
309,3,3,0.46153846153846156,0.46153846153846156,True,True,False
316,7,7,0.38461538461538464,0.38461538461538464,True,True,False
323,3,3,0.46153846153846156,0.46153846153846156,True,True,False
324,1,1,0.6153846153846154,0.6153846153846154,False,False,False
326,2,2,0.6153846153846154,0.6153846153846154,False,False,False
334,3,3,0.38461538461538464,0.38461538461538464,True,True,False
337,1,1,0.7692307692307693,0.7692307692307693,False,False,False
338,4,1,0.38461538461538464,0.15384615384615385,True,True,True
343,4,4,0.8461538461538461,0.8461538461538461,False,False,False
345,6,6,0.38461538461538464,0.38461538461538464,True,True,False
351,1,1,0.5384615384615384,0.5384615384615384,False,False,False
355,1,5,0.38461538461538464,0.07692307692307693,True,True,True
359,3,3,0.46153846153846156,0.46153846153846156,True,True,False
361,4,5,0.38461538461538464,0.15384615384615385,True,True,True
365,3,6,0.38461538461538464,0.23076923076923078,True,True,False
367,1,1,0.7692307692307693,0.7692307692307693,False,False,False
368,3,3,0.5384615384615384,0.5384615384615384,False,False,False
372,1,1,0.46153846153846156,0.46153846153846156,True,True,False
378,7,7,0.6923076923076923,0.6923076923076923,False,False,False
380,5,5,0.6153846153846154,0.6153846153846154,False,False,False
382,1,1,0.46153846153846156,0.46153846153846156,True,True,False
384,2,6,0.3076923076923077,0.23076923076923078,True,True,False
389,7,7,0.6153846153846154,0.6153846153846154,False,False,False
392,7,7,0.8461538461538461,0.8461538461538461,False,False,False
393,7,7,0.6153846153846154,0.6153846153846154,False,False,False
401,1,1,0.7692307692307693,0.7692307692307693,False,False,False
410,3,5,0.46153846153846156,0.3076923076923077,True,True,False
411,2,2,0.5384615384615384,0.5384615384615384,False,False,False
421,5,5,0.5384615384615384,0.5384615384615384,False,False,False
432,1,1,0.46153846153846156,0.46153846153846156,True,True,False
436,1,1,0.46153846153846156,0.46153846153846156,True,True,False
437,6,6,0.6153846153846154,0.6153846153846154,False,False,False
439,1,1,0.6153846153846154,0.6153846153846154,False,False,False
444,1,1,0.7692307692307693,0.7692307692307693,False,False,False
448,3,4,0.23076923076923078,0.0,True,True,True
450,2,7,0.38461538461538464,0.3076923076923077,True,True,False
462,4,4,0.38461538461538464,0.38461538461538464,True,True,False
463,1,1,0.9230769230769231,0.9230769230769231,False,False,False
464,3,6,0.46153846153846156,0.15384615384615385,True,True,True
476,1,1,0.23076923076923078,0.23076923076923078,True,True,False
479,1,1,0.9230769230769231,0.9230769230769231,False,False,False
480,7,7,0.8461538461538461,0.8461538461538461,False,False,False
484,4,4,0.8461538461538461,0.8461538461538461,False,False,False
490,3,3,0.6923076923076923,0.6923076923076923,False,False,False
494,5,5,0.38461538461538464,0.38461538461538464,True,True,False
495,1,1,0.46153846153846156,0.46153846153846156,True,True,False
497,1,1,0.9230769230769231,0.9230769230769231,False,False,False
504,5,5,0.7692307692307693,0.7692307692307693,False,False,False
510,6,6,0.5384615384615384,0.5384615384615384,False,False,False
512,5,5,0.6153846153846154,0.6153846153846154,False,False,False
514,5,5,0.5384615384615384,0.5384615384615384,False,False,False
521,1,1,0.46153846153846156,0.46153846153846156,True,True,False
536,3,6,0.46153846153846156,0.0,True,True,True
551,4,4,0.6153846153846154,0.6153846153846154,False,False,False
555,5,5,0.38461538461538464,0.38461538461538464,True,True,False
559,5,5,0.6923076923076923,0.6923076923076923,False,False,False
566,3,7,0.46153846153846156,0.23076923076923078,True,True,False
571,7,7,0.6923076923076923,0.6923076923076923,False,False,False
574,7,7,0.8461538461538461,0.8461538461538461,False,False,False
583,7,2,0.5384615384615384,0.3076923076923077,False,False,False
589,4,4,0.6923076923076923,0.6923076923076923,False,False,False
592,1,1,0.5384615384615384,0.5384615384615384,False,False,False
593,2,2,0.6923076923076923,0.6923076923076923,False,False,False
595,6,1,0.9230769230769231,0.07692307692307693,False,False,True
599,5,5,0.38461538461538464,0.38461538461538464,True,True,False
600,2,5,0.46153846153846156,0.07692307692307693,True,True,True
621,4,4,0.9230769230769231,0.9230769230769231,False,False,False
628,3,3,0.8461538461538461,0.8461538461538461,False,False,False
642,7,7,1.0,1.0,False,False,False
645,4,4,0.6923076923076923,0.6923076923076923,False,False,False
653,4,4,0.6923076923076923,0.6923076923076923,False,False,False
663,5,1,0.46153846153846156,0.3076923076923077,True,True,False
664,2,2,0.6153846153846154,0.6153846153846154,False,False,False
672,2,2,0.46153846153846156,0.46153846153846156,True,True,False
677,1,1,0.8461538461538461,0.8461538461538461,False,False,False
683,2,2,0.5384615384615384,0.5384615384615384,False,False,False
695,1,1,0.9230769230769231,0.9230769230769231,False,False,False
700,4,4,0.5384615384615384,0.5384615384615384,False,False,False
728,7,7,0.8461538461538461,0.8461538461538461,False,False,False
733,3,3,0.46153846153846156,0.46153846153846156,True,True,False
745,7,2,0.46153846153846156,0.38461538461538464,True,True,False
746,4,4,0.6153846153846154,0.6153846153846154,False,False,False
755,5,5,0.7692307692307693,0.7692307692307693,False,False,False
761,5,5,0.7692307692307693,0.7692307692307693,False,False,False
767,2,2,0.46153846153846156,0.46153846153846156,True,True,False
770,6,6,0.5384615384615384,0.5384615384615384,False,False,False
771,4,4,0.7692307692307693,0.7692307692307693,False,False,False
780,3,3,0.7692307692307693,0.7692307692307693,False,False,False
781,1,1,0.5384615384615384,0.5384615384615384,False,False,False
784,1,1,0.6153846153846154,0.6153846153846154,False,False,False
785,1,1,0.7692307692307693,0.7692307692307693,False,False,False
789,1,1,0.3076923076923077,0.3076923076923077,True,True,False
793,3,1,0.7692307692307693,0.15384615384615385,False,False,True
800,2,2,0.5384615384615384,0.5384615384615384,False,False,False
809,5,5,0.6153846153846154,0.6153846153846154,False,False,False
812,2,1,0.3076923076923077,0.3076923076923077,True,True,False
813,1,1,0.6153846153846154,0.6153846153846154,False,False,False
818,3,3,0.5384615384615384,0.5384615384615384,False,False,False
822,4,4,0.7692307692307693,0.7692307692307693,False,False,False
831,2,1,0.6153846153846154,0.15384615384615385,False,False,True
842,7,7,0.5384615384615384,0.5384615384615384,False,False,False
849,2,1,0.6923076923076923,0.3076923076923077,False,False,False
854,7,2,0.38461538461538464,0.15384615384615385,True,True,True
855,3,3,0.3076923076923077,0.3076923076923077,True,True,False
860,5,5,0.5384615384615384,0.5384615384615384,False,False,False
862,3,3,0.9230769230769231,0.9230769230769231,False,False,False
867,3,3,0.9230769230769231,0.9230769230769231,False,False,False
868,6,6,0.6923076923076923,0.6923076923076923,False,False,False
870,3,7,0.46153846153846156,0.07692307692307693,True,True,True
874,4,4,0.6153846153846154,0.6153846153846154,False,False,False
875,6,6,0.8461538461538461,0.8461538461538461,False,False,False
876,1,1,0.6153846153846154,0.6153846153846154,False,False,False
878,1,1,0.6923076923076923,0.6923076923076923,False,False,False
882,4,4,0.38461538461538464,0.38461538461538464,True,True,False
883,1,1,0.6153846153846154,0.6153846153846154,False,False,False
887,6,6,0.46153846153846156,0.46153846153846156,True,True,False
890,7,7,0.6153846153846154,0.6153846153846154,False,False,False
896,3,3,0.6153846153846154,0.6153846153846154,False,False,False
909,6,6,0.38461538461538464,0.38461538461538464,True,True,False
915,2,6,0.38461538461538464,0.23076923076923078,True,True,False
926,6,6,1.0,1.0,False,False,False
929,4,4,0.6923076923076923,0.6923076923076923,False,False,False
930,5,5,0.46153846153846156,0.46153846153846156,True,True,False
935,3,3,0.5384615384615384,0.5384615384615384,False,False,False
949,1,1,0.8461538461538461,0.8461538461538461,False,False,False
954,7,7,0.6923076923076923,0.6923076923076923,False,False,False
958,7,7,1.0,1.0,False,False,False
959,1,1,0.7692307692307693,0.7692307692307693,False,False,False
960,7,7,0.5384615384615384,0.5384615384615384,False,False,False
963,2,1,0.6923076923076923,0.23076923076923078,False,False,False
967,6,6,0.38461538461538464,0.38461538461538464,True,True,False
972,1,1,0.46153846153846156,0.46153846153846156,True,True,False
974,6,4,0.5384615384615384,0.23076923076923078,False,False,False
975,2,5,0.5384615384615384,0.07692307692307693,False,False,True
977,1,1,0.46153846153846156,0.46153846153846156,True,True,False
990,1,1,0.9230769230769231,0.9230769230769231,False,False,False
991,2,2,0.46153846153846156,0.46153846153846156,True,True,False
997,1,1,0.6923076923076923,0.6923076923076923,False,False,False
999,3,3,0.46153846153846156,0.46153846153846156,True,True,False
1001,2,2,0.6153846153846154,0.6153846153846154,False,False,False
1002,5,5,0.46153846153846156,0.46153846153846156,True,True,False
1010,4,4,0.6153846153846154,0.6153846153846154,False,False,False
1012,2,1,0.46153846153846156,0.38461538461538464,True,True,False
1013,1,1,0.6153846153846154,0.6153846153846154,False,False,False
1018,5,5,0.5384615384615384,0.5384615384615384,False,False,False
1020,3,6,0.46153846153846156,0.23076923076923078,True,True,False
1022,4,4,0.5384615384615384,0.5384615384615384,False,False,False
1028,4,4,0.46153846153846156,0.46153846153846156,True,True,False
1036,4,4,0.5384615384615384,0.5384615384615384,False,False,False
1058,4,4,0.3076923076923077,0.3076923076923077,True,True,False
1062,5,5,0.38461538461538464,0.38461538461538464,True,True,False
1066,3,3,0.38461538461538464,0.38461538461538464,True,True,False
1074,6,6,0.6923076923076923,0.6923076923076923,False,False,False
1076,2,1,0.8461538461538461,0.0,False,False,True
1077,2,3,0.23076923076923078,0.07692307692307693,True,True,True
1082,6,6,0.23076923076923078,0.23076923076923078,True,True,False
1085,6,6,0.38461538461538464,0.38461538461538464,True,True,False
1086,5,5,0.7692307692307693,0.7692307692307693,False,False,False
1090,2,2,0.46153846153846156,0.46153846153846156,True,True,False
1094,5,5,0.7692307692307693,0.7692307692307693,False,False,False
1097,4,1,0.23076923076923078,0.15384615384615385,True,True,True
1101,5,5,0.46153846153846156,0.46153846153846156,True,True,False
1105,3,3,0.6153846153846154,0.6153846153846154,False,False,False
1110,5,5,0.46153846153846156,0.46153846153846156,True,True,False
1119,7,7,0.46153846153846156,0.46153846153846156,True,True,False
1147,5,5,0.9230769230769231,0.9230769230769231,False,False,False
1162,1,1,1.0,1.0,False,False,False
1168,3,3,0.6923076923076923,0.6923076923076923,False,False,False
1169,1,1,0.6153846153846154,0.6153846153846154,False,False,False
1178,5,5,0.5384615384615384,0.5384615384615384,False,False,False
1181,1,1,0.46153846153846156,0.46153846153846156,True,True,False
1182,6,6,0.7692307692307693,0.7692307692307693,False,False,False
1186,6,7,0.5384615384615384,0.3076923076923077,False,False,False
1194,4,4,0.46153846153846156,0.46153846153846156,True,True,False
1198,4,7,0.3076923076923077,0.23076923076923078,True,True,False
1200,2,2,0.3076923076923077,0.3076923076923077,True,True,False
1208,2,2,0.6153846153846154,0.6153846153846154,False,False,False
1210,1,1,0.6923076923076923,0.6923076923076923,False,False,False
1211,5,5,0.7692307692307693,0.7692307692307693,False,False,False
1212,2,2,0.6153846153846154,0.6153846153846154,False,False,False
1217,5,5,0.8461538461538461,0.8461538461538461,False,False,False
1226,4,4,0.6923076923076923,0.6923076923076923,False,False,False
1248,1,5,0.46153846153846156,0.38461538461538464,True,True,False
1265,5,5,0.9230769230769231,0.9230769230769231,False,False,False
1277,6,6,0.46153846153846156,0.46153846153846156,True,True,False
1282,2,2,0.3076923076923077,0.3076923076923077,True,True,False
1286,1,1,0.8461538461538461,0.8461538461538461,False,False,False
1294,6,7,0.38461538461538464,0.23076923076923078,True,True,False
1301,2,1,0.7692307692307693,0.23076923076923078,False,False,False
1316,6,6,0.5384615384615384,0.5384615384615384,False,False,False
1318,4,4,0.5384615384615384,0.5384615384615384,False,False,False
1319,5,2,0.3076923076923077,0.3076923076923077,True,True,False
1321,1,1,0.6923076923076923,0.6923076923076923,False,False,False
1325,2,2,0.5384615384615384,0.5384615384615384,False,False,False
1333,1,1,0.6923076923076923,0.6923076923076923,False,False,False
1334,5,5,0.7692307692307693,0.7692307692307693,False,False,False
1337,4,5,0.46153846153846156,0.3076923076923077,True,True,False
1345,7,7,0.6153846153846154,0.6153846153846154,False,False,False
1346,5,5,0.38461538461538464,0.38461538461538464,True,True,False
1349,1,1,0.8461538461538461,0.8461538461538461,False,False,False
1358,7,7,0.6153846153846154,0.6153846153846154,False,False,False
1359,2,1,0.38461538461538464,0.07692307692307693,True,True,True
1362,5,5,0.5384615384615384,0.5384615384615384,False,False,False
1363,7,7,1.0,1.0,False,False,False
1367,1,1,0.38461538461538464,0.38461538461538464,True,True,False
1373,1,1,0.5384615384615384,0.5384615384615384,False,False,False
1374,1,5,0.7692307692307693,0.0,False,False,True
1379,4,5,0.5384615384615384,0.3076923076923077,False,False,False
1381,5,5,0.5384615384615384,0.5384615384615384,False,False,False
1384,5,5,0.5384615384615384,0.5384615384615384,False,False,False
1398,3,1,0.5384615384615384,0.07692307692307693,False,False,True
1399,5,5,0.5384615384615384,0.5384615384615384,False,False,False
1403,5,5,0.6153846153846154,0.6153846153846154,False,False,False
1404,2,2,0.8461538461538461,0.8461538461538461,False,False,False
1415,6,6,0.6923076923076923,0.6923076923076923,False,False,False
1420,6,6,0.5384615384615384,0.5384615384615384,False,False,False
1422,7,7,0.5384615384615384,0.5384615384615384,False,False,False
1425,3,3,0.3076923076923077,0.3076923076923077,True,True,False
1436,2,6,0.46153846153846156,0.07692307692307693,True,True,True
1446,6,6,0.7692307692307693,0.7692307692307693,False,False,False
1447,5,5,0.7692307692307693,0.7692307692307693,False,False,False
1452,2,2,0.6153846153846154,0.6153846153846154,False,False,False
1457,3,5,0.38461538461538464,0.07692307692307693,True,True,True
1460,3,6,0.46153846153846156,0.0,True,True,True
1462,1,1,0.6153846153846154,0.6153846153846154,False,False,False
1470,5,5,0.38461538461538464,0.38461538461538464,True,True,False
1474,2,2,0.6153846153846154,0.6153846153846154,False,False,False
1479,5,5,0.6153846153846154,0.6153846153846154,False,False,False
1485,1,1,0.6923076923076923,0.6923076923076923,False,False,False
1495,1,1,0.8461538461538461,0.8461538461538461,False,False,False
1499,6,6,0.6923076923076923,0.6923076923076923,False,False,False
1505,1,4,0.46153846153846156,0.07692307692307693,True,True,True
1506,7,7,0.8461538461538461,0.8461538461538461,False,False,False
1507,6,6,0.8461538461538461,0.8461538461538461,False,False,False
1508,5,5,0.7692307692307693,0.7692307692307693,False,False,False
1510,2,2,0.3076923076923077,0.3076923076923077,True,True,False
1511,3,4,0.23076923076923078,0.15384615384615385,True,True,True
1517,1,1,0.6923076923076923,0.6923076923076923,False,False,False
1524,2,2,0.23076923076923078,0.23076923076923078,True,True,False
1532,7,7,0.6153846153846154,0.6153846153846154,False,False,False
1533,4,4,0.7692307692307693,0.7692307692307693,False,False,False
1534,7,7,0.6923076923076923,0.6923076923076923,False,False,False
1535,2,7,0.46153846153846156,0.38461538461538464,True,True,False
1538,7,7,0.8461538461538461,0.8461538461538461,False,False,False
1540,6,6,0.46153846153846156,0.46153846153846156,True,True,False
1543,7,6,0.3076923076923077,0.3076923076923077,True,True,False
1549,2,2,0.38461538461538464,0.38461538461538464,True,True,False
1550,5,5,0.6153846153846154,0.6153846153846154,False,False,False
1566,1,1,0.7692307692307693,0.7692307692307693,False,False,False
1588,4,1,0.46153846153846156,0.3076923076923077,True,True,False
1589,7,7,0.9230769230769231,0.9230769230769231,False,False,False
1592,3,3,0.38461538461538464,0.38461538461538464,True,True,False
1594,3,2,0.46153846153846156,0.3076923076923077,True,True,False
1597,3,3,0.46153846153846156,0.46153846153846156,True,True,False
1602,4,4,0.8461538461538461,0.8461538461538461,False,False,False
1606,6,4,0.38461538461538464,0.3076923076923077,True,True,False
1607,2,2,0.6923076923076923,0.6923076923076923,False,False,False
1608,1,1,0.6153846153846154,0.6153846153846154,False,False,False
1610,6,6,0.3076923076923077,0.3076923076923077,True,True,False
1619,3,3,0.6923076923076923,0.6923076923076923,False,False,False
1624,2,5,0.3076923076923077,0.15384615384615385,True,True,True
1625,6,2,0.23076923076923078,0.23076923076923078,True,True,False
1626,6,6,0.38461538461538464,0.38461538461538464,True,True,False
1627,7,7,0.6923076923076923,0.6923076923076923,False,False,False
1629,3,3,0.7692307692307693,0.7692307692307693,False,False,False
1632,1,1,0.6923076923076923,0.6923076923076923,False,False,False
1634,1,1,0.6153846153846154,0.6153846153846154,False,False,False
1638,4,4,0.46153846153846156,0.46153846153846156,True,True,False
1640,2,1,0.8461538461538461,0.07692307692307693,False,False,True
1647,1,1,0.6923076923076923,0.6923076923076923,False,False,False
1648,3,1,0.3076923076923077,0.0,True,True,True
1649,6,6,0.6153846153846154,0.6153846153846154,False,False,False
1658,3,3,0.38461538461538464,0.38461538461538464,True,True,False
1660,4,3,0.3076923076923077,0.15384615384615385,True,True,True
1667,3,3,0.46153846153846156,0.46153846153846156,True,True,False
1673,1,1,0.7692307692307693,0.7692307692307693,False,False,False
1674,2,2,0.9230769230769231,0.9230769230769231,False,False,False
1683,5,5,0.8461538461538461,0.8461538461538461,False,False,False
1688,5,5,0.7692307692307693,0.7692307692307693,False,False,False
1689,2,6,0.38461538461538464,0.15384615384615385,True,True,True
1691,1,1,0.8461538461538461,0.8461538461538461,False,False,False
1692,5,5,0.6923076923076923,0.6923076923076923,False,False,False
1699,7,7,0.6923076923076923,0.6923076923076923,False,False,False
1700,2,2,0.8461538461538461,0.8461538461538461,False,False,False
1710,2,2,0.3076923076923077,0.3076923076923077,True,True,False
1713,1,1,0.9230769230769231,0.9230769230769231,False,False,False
